-- phpMyAdmin SQL Dump
-- version 4.7.9
-- https://www.phpmyadmin.net/
--
-- Host: 127.0.0.1:3306
-- Generation Time: Jun 07, 2018 at 02:52 AM
-- Server version: 5.7.21
-- PHP Version: 5.6.35

SET SQL_MODE = "NO_AUTO_VALUE_ON_ZERO";
SET AUTOCOMMIT = 0;
START TRANSACTION;
SET time_zone = "+00:00";


/*!40101 SET @OLD_CHARACTER_SET_CLIENT=@@CHARACTER_SET_CLIENT */;
/*!40101 SET @OLD_CHARACTER_SET_RESULTS=@@CHARACTER_SET_RESULTS */;
/*!40101 SET @OLD_COLLATION_CONNECTION=@@COLLATION_CONNECTION */;
/*!40101 SET NAMES utf8mb4 */;

--
-- Database: `camera_database`
--

-- --------------------------------------------------------

--
-- Table structure for table `ct_don_dat_hang`
--

DROP TABLE IF EXISTS `ct_don_dat_hang`;
CREATE TABLE IF NOT EXISTS `ct_don_dat_hang` (
  `ma_ddh` int(10) NOT NULL,
  `ma_may_anh` int(10) NOT NULL,
  `so_luong` int(11) DEFAULT NULL,
  PRIMARY KEY (`ma_ddh`,`ma_may_anh`),
  KEY `ma_may_anh` (`ma_may_anh`)
) ENGINE=InnoDB DEFAULT CHARSET=utf8 COLLATE=utf8_unicode_ci;

-- --------------------------------------------------------

--
-- Table structure for table `ct_hoa_don`
--

DROP TABLE IF EXISTS `ct_hoa_don`;
CREATE TABLE IF NOT EXISTS `ct_hoa_don` (
  `ma_hd` int(10) NOT NULL,
  `ma_may_anh` int(10) NOT NULL,
  `so_luong` int(11) DEFAULT NULL,
  `gia_ban` int(11) DEFAULT NULL,
  PRIMARY KEY (`ma_hd`,`ma_may_anh`),
  KEY `ma_may_anh` (`ma_may_anh`)
) ENGINE=InnoDB DEFAULT CHARSET=utf8 COLLATE=utf8_unicode_ci;

-- --------------------------------------------------------

--
-- Table structure for table `cung_ung`
--

DROP TABLE IF EXISTS `cung_ung`;
CREATE TABLE IF NOT EXISTS `cung_ung` (
  `ma_ncc` int(10) NOT NULL,
  `ma_may_anh` int(10) NOT NULL,
  PRIMARY KEY (`ma_ncc`,`ma_may_anh`),
  KEY `ma_may_anh` (`ma_may_anh`)
) ENGINE=InnoDB DEFAULT CHARSET=utf8 COLLATE=utf8_unicode_ci;

-- --------------------------------------------------------

--
-- Table structure for table `don_dat_hang`
--

DROP TABLE IF EXISTS `don_dat_hang`;
CREATE TABLE IF NOT EXISTS `don_dat_hang` (
  `ma_ddh` int(10) NOT NULL,
  `ma_kh` int(10) NOT NULL,
  `ngay_dat_hang` date DEFAULT NULL,
  `ma_ncc` int(10) DEFAULT NULL,
  PRIMARY KEY (`ma_ddh`),
  KEY `ma_ncc` (`ma_ncc`),
  KEY `ma_kh` (`ma_kh`)
) ENGINE=InnoDB DEFAULT CHARSET=utf8 COLLATE=utf8_unicode_ci;

-- --------------------------------------------------------

--
-- Table structure for table `hoa_don`
--

DROP TABLE IF EXISTS `hoa_don`;
CREATE TABLE IF NOT EXISTS `hoa_don` (
  `ma_hd` int(10) NOT NULL,
  `ma_kh` int(10) NOT NULL,
  `ngay_lap` date DEFAULT NULL,
  PRIMARY KEY (`ma_hd`),
  KEY `ma_kh` (`ma_kh`)
) ENGINE=InnoDB DEFAULT CHARSET=utf8 COLLATE=utf8_unicode_ci;

-- --------------------------------------------------------

--
-- Table structure for table `khach_hang`
--

DROP TABLE IF EXISTS `khach_hang`;
CREATE TABLE IF NOT EXISTS `khach_hang` (
  `ma_kh` int(10) NOT NULL AUTO_INCREMENT,
  `ten_kh` varchar(255) COLLATE utf8_unicode_ci DEFAULT NULL,
  `ngay_sinh` date NOT NULL,
  `dia_chi` varchar(255) COLLATE utf8_unicode_ci DEFAULT NULL,
  `sdt` varchar(20) COLLATE utf8_unicode_ci DEFAULT NULL,
  `permission` int(11) NOT NULL,
  PRIMARY KEY (`ma_kh`)
) ENGINE=InnoDB AUTO_INCREMENT=9 DEFAULT CHARSET=utf8 COLLATE=utf8_unicode_ci;

--
-- Dumping data for table `khach_hang`
--

INSERT INTO `khach_hang` (`ma_kh`, `ten_kh`, `ngay_sinh`, `dia_chi`, `sdt`, `permission`) VALUES
(1, 'Đinh Bá Tiên', '1960-02-11', '119 Cống Quỳnh, Tp HCM', '01678093177', 0),
(2, 'Nguyễn Thanh Tùng', '1962-08-20', '222 Nguyễn Văn Cừ, Tp HCM', '01678128177', 0),
(3, 'Bùi Ngọc Hằng', '1963-08-02', '323 Nguyễn Thái Hoc, Tp HCM', '01679128177', 0),
(4, 'Lê Quỳnh Như', '1967-02-01', '291 Hồ Văn Huê, Tp HCM', '01679128123', 0),
(5, 'Nguyễn Mạnh Hùng', '1967-03-04', '95 Bà Rịa, Vũng Tàu', '01679567123', 0),
(6, 'Trần Thanh Tâm', '1957-05-04', '34 Mai Thị Lự, Tp HCM', '01678907123', 0),
(7, 'Trần Hồng Quang', '1967-09-01', '80 Lê Hồng Phong, Tp HCM', '01678948323', 0),
(8, 'Phạm Văn Vinh', '1965-01-01', '65 Trưng Vương, Tp Hà Nội', '01678948287', 0);

-- --------------------------------------------------------

--
-- Table structure for table `loai`
--

DROP TABLE IF EXISTS `loai`;
CREATE TABLE IF NOT EXISTS `loai` (
  `ma_loai` int(10) NOT NULL AUTO_INCREMENT,
  `ten_loai` varchar(255) COLLATE utf8_unicode_ci NOT NULL,
  PRIMARY KEY (`ma_loai`)
) ENGINE=InnoDB AUTO_INCREMENT=11 DEFAULT CHARSET=utf8 COLLATE=utf8_unicode_ci;

--
-- Dumping data for table `loai`
--

INSERT INTO `loai` (`ma_loai`, `ten_loai`) VALUES
(1, 'máy ảnh canon'),
(2, 'máy ảnh nikon'),
(3, 'máy ảnh fujifilm'),
(4, 'máy ảnh leica'),
(5, 'máy ảnh olympus'),
(6, 'ống kính, lens'),
(7, 'máy ảnh microless'),
(8, 'máy ảnh du lich'),
(9, 'máy ảnh chụp lấy liền'),
(10, 'máy quay phim');

-- --------------------------------------------------------

--
-- Table structure for table `loai_may_anh`
--

DROP TABLE IF EXISTS `loai_may_anh`;
CREATE TABLE IF NOT EXISTS `loai_may_anh` (
  `ma_loai` int(10) NOT NULL,
  `ma_may_anh` int(10) NOT NULL,
  PRIMARY KEY (`ma_loai`,`ma_may_anh`),
  KEY `ma_may_anh` (`ma_may_anh`)
) ENGINE=InnoDB DEFAULT CHARSET=utf8 COLLATE=utf8_unicode_ci;

--
-- Dumping data for table `loai_may_anh`
--

INSERT INTO `loai_may_anh` (`ma_loai`, `ma_may_anh`) VALUES
(1, 1),
(1, 3),
(1, 6),
(3, 7),
(2, 11),
(1, 12),
(3, 13),
(1, 14),
(1, 15),
(1, 18),
(1, 19),
(1, 21),
(3, 22),
(1, 23),
(1, 24),
(2, 25),
(3, 27),
(1, 28),
(2, 30),
(1, 32),
(1, 33),
(1, 34),
(3, 35),
(1, 37),
(1, 41),
(1, 42),
(1, 44),
(1, 45),
(3, 48),
(2, 49),
(3, 50),
(3, 51),
(3, 54),
(2, 55),
(2, 56),
(3, 57),
(1, 58),
(3, 59),
(2, 60),
(3, 62),
(1, 63),
(2, 65),
(2, 66),
(3, 69),
(1, 71),
(5, 72),
(5, 74),
(3, 75),
(5, 76),
(2, 79),
(2, 80),
(1, 82),
(2, 83),
(2, 84),
(3, 85),
(1, 86),
(1, 88),
(5, 89),
(2, 91),
(1, 92),
(2, 93),
(1, 96),
(5, 97),
(2, 100),
(1, 101),
(3, 102),
(5, 104),
(1, 105),
(1, 106),
(3, 107),
(3, 110),
(2, 113),
(2, 114),
(1, 115),
(1, 117),
(5, 119),
(5, 121);

-- --------------------------------------------------------

--
-- Table structure for table `may_anh`
--

DROP TABLE IF EXISTS `may_anh`;
CREATE TABLE IF NOT EXISTS `may_anh` (
  `ma_may_anh` int(10) NOT NULL,
  `ten_may_anh` varchar(255) CHARACTER SET utf16 NOT NULL,
  `gia` int(11) NOT NULL,
  `duong_dan` varchar(255) COLLATE utf8_unicode_ci NOT NULL,
  `ma_ncc` int(10) NOT NULL,
  `so_luong` int(10) NOT NULL,
  `so_luong_ban` int(10) NOT NULL,
  `so_luong_xem` int(10) NOT NULL,
  `ngay_nhap` date DEFAULT NULL,
  `mo_ta` longtext COLLATE utf8_unicode_ci NOT NULL,
  `xuat_xu` varchar(30) COLLATE utf8_unicode_ci NOT NULL,
  PRIMARY KEY (`ma_may_anh`),
  KEY `ma_ncc` (`ma_ncc`)
) ENGINE=InnoDB DEFAULT CHARSET=utf8 COLLATE=utf8_unicode_ci;

--
-- Dumping data for table `may_anh`
--

INSERT INTO `may_anh` (`ma_may_anh`, `ten_may_anh`, `gia`, `duong_dan`, `ma_ncc`, `so_luong`, `so_luong_ban`, `so_luong_xem`, `ngay_nhap`, `mo_ta`, `xuat_xu`) VALUES
(1, 'Máy Ảnh Canon EOS 750D Kit EF S18-55 IS STM ', 12490000, '1.jpg', 1, 6, 0, 0, '2012-04-09', '<div class=\"product-title-recap\">Tính năng nổi bật</div><div></div>\r\n<span style=\"font-size: 14px; font-family: arial;\">\r\n</span>\r\n<div>\r\n<div><strong><span style=\"font-size: 14px; font-family: arial;\">-&nbsp;<a href=\"https://binhminhdigital.com/canon-eos-750d-body-hang-nhap-khau.html\" target=\"_blank\" title=\"Máy Ảnh Canon EOS 750D\">Máy Ảnh Canon EOS 750D</a></span></strong></div>\r\n<div><span style=\"font-size: 14px; font-family: arial;\">- Cảm biến CMOS 24.2 megapixel.</span></div>\r\n<div><span style=\"font-size: 14px; font-family: arial;\">- Bộ xử lý hình ảnh DIGIC 6</span></div>\r\n<div><span style=\"font-size: 14px; font-family: arial;\">- Hệ thống lấy nét lai (Hybrid CMOS AF III)</span></div>\r\n<div><span style=\"font-size: 14px; font-family: arial;\">- Hệ thống đo nét tiên tiến với 19 điểm</span></div>\r\n<div><span style=\"font-size: 14px; font-family: arial;\">- Màn hình LCD 3.0inch cảm ứng</span></div>\r\n<div><span style=\"font-size: 14px; font-family: arial;\">- Tốc độ màn trập 1/4000 giây đến 30 giây</span></div>\r\n<div><span style=\"font-size: 14px; font-family: arial;\">- Tốc độ chụp liên tục tối đa 5.0 hình/giây</span></div>\r\n<div><span style=\"font-size: 14px; font-family: arial;\">- ISO 100-6400 ( mở rộng 12800)</span></div>\r\n<div><span style=\"font-size: 14px; font-family: arial;\">- Thẻ nhớ tương thích : SD/ SDHC/SDXC</span></div>\r\n<div><span style=\"font-size: 14px; font-family: arial;\">- Quay phim Full HD</span></div>\r\n<div><span style=\"font-size: 14px; font-family: arial;\">- Hỗ trợ Wi-Fi và NFC</span></div>\r\n<div><span style=\"font-size: 14px; font-family: arial;\">- Trọng lượng &nbsp;565g<br>\r\n- Phù hợp với&nbsp;&nbsp;Đèn Speedlite seri EX<br>\r\n- Đo sáng đèn flash Đèn flash tự động&nbsp;E-TTL II<br>\r\n- Sử dụng với ống kính&nbsp;EF,EF-S của Canon (Trừ ống kính EF-M )<br>\r\n</span>\r\n</div>\r\n<div>\r\n<div><span style=\"font-size: 14px; font-family: arial;\">- Pin tương thích LP-E17</span></div>\r\n<div><span style=\"font-size: 14px; font-family: arial;\"><strong>- <a href=\"https://binhminhdigital.com/phu-kien-may-anh-may-quay/\" target=\"_blank\">Phụ kiện máy ảnh đi kèm</a>&nbsp;</strong>: Pin, sạc pin, dây đeo,đĩa CD, cataloge, phiếu bảo hành</span></div>\r\n<div><strong style=\"color: #ff0000;\"><br>\r\n</strong></div>\r\n<div><br>\r\n</div>\r\n</div>\r\n<p>\r\n</div>', 'Đài Loan'),
(2, 'Máy Ảnh Sony CyberShot DSC H300 (Đen)', 3450000, '2.jpg', 2, 11, 0, 0, '2014-07-16', '<div class=\"product-title-recap\">Tính năng nổi bật</div><div>- <a href=\"https://binhminhdigital.com/sony-cybershot-dsc-h300-may-anh-du-lich.html\" target=\"_blank\" title=\"Máy Ảnh Sony CyberShot DSC H300\"><strong>Máy Ảnh Sony CyberShot DSC H300</strong></a></div>\r\n- Độ phân giải 20.1MP<br>\r\n- Zoom quang 35x<br>\r\n- Ống kính có dải tiêu cự lớn 4.5-157.5mm<br>\r\n- Tích hợp đèn Flash<br>\r\n- Quay phim HD 1.280x720px<br>\r\n- Màn hình LCD 3 inch<br>\r\n- Thiết kế chuyên nghiệp\r\n<div>- Pin tương thích AA\r\n<div><strong>-&nbsp;</strong><strong><a href=\"https://binhminhdigital.com/phu-kien-may-anh-may-quay/\" target=\"_blank\" title=\"Phụ kiện máy ảnh\">Phụ kiện máy ảnh</a>&nbsp;đi kèm</strong><strong>:</strong>&nbsp;<em>Pin AA x 4, nắp ống kính, Dây đeo, cáp USB, Cataloge</em></div>\r\n<div></div>\r\n</div>', 'Trung Quốc'),
(3, 'Máy Ảnh Canon EOS M10 Kit EF-M15-45 (Đen)', 6700000, '3.jpg', 3, 16, 0, 0, '2016-09-22', '<div class=\"product-title-recap\">Tính năng nổi bật</div><div>-&nbsp;<strong><a href=\"https://binhminhdigital.com/canon-m10-kit-efm1545mm.html\" target=\"_blank\">Máy Ảnh Canon EOS M10</a></strong></div>\r\n<div>- Cảm biến CMOS 18.0megapixel&nbsp;</div>\r\n<div>- Công nghệ Hybrid CMOS AF II</div>\r\n<div>- Bộ xử lý hình ảnh DIGIC 6</div>\r\n<div>- Điểm lấy nét 49 điểm</div>\r\n<div>- Màn hình LCD 3.0inch cảm ứng xoay lật 180độ</div>\r\n<div>- Tốc độ màn trập 1/4000 đến 30 giây</div>\r\n<div>- Tốc độ chụp liên tục tối đa 4.6 hình/giây</div>\r\n<div>- ISO 100 – 6400 ( mở rộng 12800)</div>\r\n<div>- Quay phim Full HD</div>\r\n<div>- Trọng lượng 265g</div>\r\n<div>\r\n<div>- Pin tương thích LP-E12</div>\r\n<div>- <strong><a href=\"https://binhminhdigital.com/phu-kien-may-anh-may-quay/\" target=\"_blank\">Phụ kiện máy ảnh đi kèm</a></strong> : Pin, sạc pin, dây đeo, cataloge, phiếu bảo hành</div>\r\n<strong><span style=\"color: #ff0000;\"><strong><span style=\"color: #ff0000;\">\r\n<br>\r\n</span></strong></span></strong></div>', 'Nhật bản'),
(4, 'Máy Ảnh Sony Alpha A6000 (ILCE-6000L) kit 16-50 F3.5-5.6 OSS (Đen)', 12490000, '4.jpg', 1, 2, 0, 0, '2010-01-03', '<div class=\"product-title-recap\">Tính năng nổi bật</div><div><span style=\"font-size: 18px;\">-&nbsp;<strong><a href=\"https://binhminhdigital.com/sony-alpha-a6000-1650-oss-f3556-lens-kit-den.html\" target=\"_blank\" title=\"Máy Ảnh Sony Alpha A6000\">Máy Ảnh Sony Alpha A6000</a></strong></span></div>\r\n<div><br>\r\n</div>\r\n- Cảm biến Exmor™ APS HD CMOS 24.3MP có bộ xử lý BIONZ X™<br>\r\n- Độ phân giải 24.3 MP<br>\r\n- Lấy nét tự động Fast Hybrid<br>\r\n- Khung ngắm điện tử 1,0 cm<br>\r\n- Màn hình 3 inch<br>\r\n- ISO 100-25600<br>\r\n- Tốc độ chụp 11 ảnh / giây<br>\r\n- Chia sẻ và kiểm soát đơn giản cùng Wi-Fi® và NFC một chạm\r\n<div>- Pin tương thích FW50</div>', 'Thái lan'),
(5, 'Máy Ảnh Sony CyberShot DSC H400 (Đen)', 5090000, '5.jpg', 1, 6, 0, 0, '2012-04-08', '<div class=\"product-title-recap\">Tính năng nổi bật</div><div>-&nbsp;<strong style=\"font-family: arial; font-size: 14px; text-align: justify;\"><a href=\"http://binhminhdigital.com/may-anh-sony-cybershot-dsc-h400.html\" target=\"_blank\" title=\"Máy ảnh Sony Cyber-shot DSC-H400\">Máy ảnh Sony Cyber-shot DSC-H400<br>\r\n</a></strong>- Cảm biến hình ảnh HAD CCD 20.1MP</div>\r\n- Độ phân giải 18 Megapixel<br>\r\n- Zoom quang học 63x<br>\r\n- Tốc độ chụp liên tiếp 0.71 ảnh/giây <br>\r\n- Khung ngắm điện tử<br>\r\n- ISO 80-3200<br>\r\n- Tốc độ màn chập 30 - 1/2000<br>\r\n- Quay phim HD<br>\r\n- Sử dụng kính lọc phi 55mm (chọn thêm)\r\n<div>- Pin tương thích NP-BX1\r\n<div><strong>-&nbsp;</strong><strong><a href=\"https://binhminhdigital.com/phu-kien-may-anh-may-quay/\" target=\"_blank\" title=\"Phụ kiện máy ảnh\">Phụ kiện máy ảnh</a>&nbsp;đi kèm</strong><strong>:</strong>&nbsp;<em>Pin, Adapter, Nắp ống kính, Dây đeo, cáp USB, Cataloge</em></div>\r\n<div></div>\r\n</div>', 'Trung Quốc'),
(6, 'Máy Ảnh Canon EOS M10 Kit EF-M15-45 (Trắng)', 6700000, '6.jpg', 2, 9, 0, 0, '2013-05-12', '<div class=\"product-title-recap\">Tính năng nổi bật</div><div>-&nbsp;<strong><a href=\"https://binhminhdigital.com/canon-m10-kit-efm1545mm.html\" target=\"_blank\">Máy Ảnh Canon EOS M10</a></strong></div>\r\n<div>- Cảm biến CMOS 18.0megapixel&nbsp;</div>\r\n<div>- Công nghệ Hybrid CMOS AF II</div>\r\n<div>- Bộ xử lý hình ảnh DIGIC 6</div>\r\n<div>- Điểm lấy nét 49 điểm</div>\r\n<div>- Màn hình LCD 3.0inch cảm ứng xoay lật 180độ</div>\r\n<div>- Tốc độ màn trập 1/4000 đến 30 giây</div>\r\n<div>- Tốc độ chụp liên tục tối đa 4.6 hình/giây</div>\r\n<div>- ISO 100 – 6400 ( mở rộng 12800)</div>\r\n<div>- Quay phim Full HD</div>\r\n<div>- Trọng lượng 265g</div>\r\n<div>\r\n<div>- Pin tương thích LP-E12</div>\r\n<div>- <strong><a href=\"https://binhminhdigital.com/phu-kien-may-anh-may-quay/\" target=\"_blank\">Phụ kiện máy ảnh đi kèm</a></strong> : Pin, sạc pin, dây đeo, cataloge, phiếu bảo hành</div>\r\n</div>', 'Nhật Bản'),
(7, 'Máy Ảnh Fujifilm X-A3 Kit XC16-50mm F3.5-5.6 OIS II ( bạc)', 10390000, '7.jpg', 2, 12, 0, 0, '2014-07-17', '<div class=\"product-title-recap\">Tính năng nổi bật</div><div>-&nbsp;<span style=\"color: #333399;\"><strong><a href=\"https://binhminhdigital.com/fujifilm-x-a3.html\" target=\"_blank\" title=\"Máy Ảnh Fujifilm X-A3\" style=\"color: #333399;\">Máy Ảnh Fujifilm X-A3</a></strong></span></div>\r\n<div>- Cảm biến CMOS kích thước APS-C</div>\r\n<div>- Độ phân giải 24.2MP</div>\r\n<div>- Chip xử lý ảnh EXR Processor II</div>\r\n<div>- Hệ thống lấy nét 77 điểm toàn khung và 49 điểm đơn</div>\r\n<div>- ISO200 – ISO25600</div>\r\n<div>- Hỗ trợ xử lý ảnh RAW ngay trong thân máy</div>\r\n<div>- Thêm 2 filter màu phim “PRO Neg.Hi” and “PRO Neg.Std.”</div>\r\n<div>- Thêm chế độ Panorama và Time Lapse</div>\r\n<div>- Kết nối: WIfi, Micro USB (2.0)</div>\r\n<div>- Kích thước: 117 x 67 x 40 mm</div>\r\n<div>- Trọng lượng 339g</div>\r\n<div><span style=\"color: #ff0000;\">Nhập Mã Giảm giá&nbsp;</span><strong style=\"color: #ff0000;\">XA3KMBMT2</strong><span style=\"color: #ff0000;\">&nbsp;để được giảm thêm&nbsp;</span><strong style=\"color: #ff0000;\">500,000 vnđ</strong><span style=\"color: #ff0000;\">. Hạn cuối đến ngày&nbsp;</span><strong style=\"color: #ff0000;\">10/06</strong><strong style=\"color: #ff0000;\">/2018</strong></div>', 'Còn hàng'),
(8, 'Máy Ảnh Sony Alpha A6000 (ILCE-6000L) kit 16-50 F3.5-5.6 OSS (Bạc)', 12490000, '8.jpg', 3, 19, 0, 0, '2017-11-27', '<div class=\"product-title-recap\">Tính năng nổi bật</div><div>-&nbsp;<strong><a href=\"https://binhminhdigital.com/sony-alpha-a6000-1650-oss-f3556-lens-kit-den.html\" target=\"_blank\" title=\"Máy Ảnh Sony Alpha A6000\">Máy Ảnh Sony Alpha A6000</a></strong></div>\r\n- Cảm biến Exmor™ APS HD CMOS 24.3MP có bộ xử lý BIONZ X™<br>\r\n- Độ phân giải 24.3 MP<br>\r\n- Lấy nét tự động Fast Hybrid<br>\r\n- Khung ngắm điện tử 1,0 cm<br>\r\n- Màn hình 3 inch<br>\r\n- ISO 100-25600<br>\r\n- Tốc độ chụp 11 ảnh / giây<br>\r\n- Chia sẻ và kiểm soát đơn giản cùng Wi-Fi® và NFC một chạm\r\n<div>\r\n&nbsp;\r\n<div><br>\r\n</div>\r\n</div>', 'Thái Lan'),
(9, 'Máy Ảnh Sony Alpha A6000 (ILCE-6000) Body (đen)', 9990000, '9.jpg', 2, 8, 0, 0, '2013-05-11', '<div class=\"product-title-recap\">Tính năng nổi bật</div><div><span style=\"font-size: 18px;\">-&nbsp;<strong><a href=\"https://binhminhdigital.com/sony-alpha-a6000-1650-oss-f3556-lens-kit-den.html\" target=\"_blank\" title=\"Máy Ảnh Sony Alpha A6000\">Máy Ảnh Sony Alpha A6000</a></strong></span></div>\r\n<div><br>\r\n</div>\r\n- Cảm biến Exmor™ APS HD CMOS 24.3MP có bộ xử lý BIONZ X™<br>\r\n- Độ phân giải 24.3 MP<br>\r\n- Lấy nét tự động Fast Hybrid<br>\r\n- Khung ngắm điện tử 1,0 cm<br>\r\n- Màn hình 3 inch<br>\r\n- ISO 100-25600<br>\r\n- Tốc độ chụp 11 ảnh / giây<br>\r\n- Chia sẻ và kiểm soát đơn giản cùng Wi-Fi® và NFC một chạm\r\n<div><br>\r\n</div>', 'Thái Lan'),
(10, 'Máy Ảnh Sony Alpha A6000 (ILCE-6000L) kit 16-50 F3.5-5.6 OSS (Xám)', 12490000, '10.jpg', 3, 15, 0, 0, '2016-09-22', '<div class=\"product-title-recap\">Tính năng nổi bật</div><span style=\"font-size: 14px; font-family: arial;\"><strong>Máy ảnh Sony A6000</strong></span><br>\r\nCảm biến Exmor™ APS HD CMOS 24.3MP có bộ xử lý BIONZ X™<br>\r\nĐộ phân giải 24.3 MP<br>\r\nLấy nét tự động Fast Hybrid<br>\r\nKhung ngắm điện tử 1,0 cm<br>\r\nMàn hình 3 inch<br>\r\nISO 100-25600<br>\r\nTốc độ chụp 11 ảnh / giây<br>\r\nChia sẻ và kiểm soát đơn giản cùng Wi-Fi® và NFC một chạm', 'Còn hàng'),
(11, 'Máy ảnh Nikon D3400 Kit AF-P 18-55 VR ', 9690000, '11.jpg', 2, 10, 0, 0, '2014-06-14', '<div class=\"product-title-recap\">Tính năng nổi bật</div>- <span style=\"color: #333399;\"><strong><a href=\"https://binhminhdigital.com/nikon-d3400.html\" target=\"_blank\" title=\"Máy ảnh Nikon D3400\" style=\"color: #333399;\">Máy ảnh Nikon D3400</a></strong></span><br>\r\n- Cảm biến CMOS 24.2MP DX <br>\r\n- Bộ xử lý hình ảnh EXPEED 4<br>\r\n- ISO: 100-25600<br>\r\n- Tốc độ chụp liên tục 5fps<br>\r\n- Màn hình LCD 3\" 921K-Dot<br>\r\n- Quay phim Full HD 1080p tại 60fps<br>\r\n- Hệ thống lấy nét 11 điểm AF<br>\r\n- Ống kính AF-P DX 18-55mm F/3.5-5.6G VR<br>\r\n- Hỗ trợ kết nối Bluetooth 4.1 LE<br>\r\n- Pin EN-EL14a chụp tối đa 1.200 tấm<br>\r\n- Kích thước: 124 x 98 x 75.5mm', 'Thái Lan'),
(12, 'Máy Ảnh Canon PowerShot G7 X Mark II (hàng nhập khẩu)', 11990000, '12.jpg', 2, 10, 0, 0, '2014-06-14', '<div class=\"product-title-recap\">Tính năng nổi bật</div><div>-&nbsp;<strong><a href=\"https://binhminhdigital.com/canon-powershot-g7-x-mark-ii.html\" target=\"_blank\" title=\"Máy Ảnh Canon PowerShot G7 X Mark II\">Máy Ảnh Canon PowerShot G7 X Mark II</a>&nbsp;</strong></div>\r\n<div>- Bộ xử lý Hình ảnh DIGIC 7 MỚI&nbsp;</div>\r\n<div>- cảm biến CMOS loại 1.0 inch</div>\r\n<div>- Zoom quang học 4.2x 24 - 100mm (tương đương 35mm)</div>\r\n<div>- ống kính f/1.8 - f/2.8</div>\r\n<div>- Màn hình LCD cảm ứng loại nghiêng 3.0 inch&nbsp;</div>\r\n<div>(nghiêng lên 180° và nghiêng xuống 45°)</div>\r\n<div>- Có khả năng kết nối Wi-Fi và NFC</div>\r\n<div>- Pin tương thích NB-13L</div>\r\n<div><strong>- <a href=\"https://binhminhdigital.com/phu-kien-may-anh-may-quay/\" target=\"_blank\">Phụ kiện máy ảnh đi kèm</a>:</strong> <em>Pin, Sạc pin, Dây đeo, Cataloge, Phiếu bảo hành</em></div>\r\n<div><br>\r\n</div>', 'Còn hàng'),
(13, 'Máy Ảnh Fujifilm X-A3 Kit XC16-50 F3.5-5.6 OIS II (Nâu)', 10390000, '13.jpg', 3, 19, 0, 0, '2017-11-27', '<div class=\"product-title-recap\">Tính năng nổi bật</div><div>-&nbsp;<span style=\"color: #333399;\"><strong>Fujifilm X-A3 Kit XC16-50 F3.5-5.6 OIS II (Nâu)</strong></span></div>\r\n<div>- Cảm biến CMOS kích thước APS-C</div>\r\n<div>- Độ phân giải 24.2MP</div>\r\n<div>- Chip xử lý ảnh EXR Processor II</div>\r\n<div>- Hệ thống lấy nét 77 điểm toàn khung và 49 điểm đơn</div>\r\n<div>- ISO200 – ISO25600</div>\r\n<div>- Hỗ trợ xử lý ảnh RAW ngay trong thân máy</div>\r\n<div>- Thêm 2 filter màu phim “PRO Neg.Hi” and “PRO Neg.Std.”</div>\r\n<div>- Thêm chế độ Panorama và Time Lapse</div>\r\n<div>- Kết nối: WIfi, Micro USB (2.0)</div>\r\n<div>- Kích thước: 117 x 67 x 40 mm</div>\r\n<div>- Trọng lượng 339g</div>\r\n<div><span style=\"color: #ff0000;\">Nhập Mã Giảm giá&nbsp;</span><strong style=\"color: #ff0000;\">XA3KMBMT2</strong><span style=\"color: #ff0000;\">&nbsp;để được giảm thêm&nbsp;</span><strong style=\"color: #ff0000;\">500,000 vnđ</strong><span style=\"color: #ff0000;\">. Hạn cuối đến ngày&nbsp;</span><strong style=\"color: #ff0000;\">10/06</strong><strong style=\"color: #ff0000;\">/2018</strong></div>', 'Còn hàng'),
(14, 'Máy Ảnh Canon EOS 6D Kit EF 24-105 F4L IS USM ', 38000000, '14.jpg', 3, 19, 0, 0, '2017-11-27', '<div class=\"product-title-recap\">Tính năng nổi bật</div><div>\r\n<div>-&nbsp;<strong><a href=\"https://binhminhdigital.com/canon-eos-6d-body.html\" target=\"_blank\" title=\"Máy Ảnh Canon EOS 6D\">Máy Ảnh Canon EOS 6D</a></strong></div>\r\n<div>- Cảm biến CMOS fullframe 20.2 megapixel.</div>\r\n<div>- Bộ xử lý hình ảnh DIGIC 5+</div>\r\n<div>- ISO 100-25600 ( mở rộng 102400)&nbsp;</div>\r\n<div>- Hệ thống đo nét tiên tiến với 11 điểm</div>\r\n<div>- Màn hình LCD 3.0inch</div>\r\n<div>- Tốc độ màn trập 1/4000 giây tới 30 giây</div>\r\n<div>- Tốc độ chụp liên tục tối đa 4.5 hình/giây</div>\r\n<div>- Thẻ nhớ tương thích : SD/ SDHC/SDXC</div>\r\n<div>- Tích hợp Wi-Fi,GPS</div>\r\n<div>- Trọng lượng &nbsp;675g</div>\r\n<div>\r\n<div>- Pin tương thích LP-E6</div>\r\n<div>- <strong><a href=\"https://binhminhdigital.com/phu-kien-may-anh-may-quay/\" target=\"_blank\">Phụ kiện máy ảnh đi kèm</a></strong> : Pin, Sạc pin, Dây đeo, Cáp USB, Đĩa CD, Cataloge, Phiếu bảo hành</div>\r\n<div><br>\r\n</div>\r\n</div>\r\n</div>\r\n<div>\r\n</div>', 'Nhật Bản'),
(15, 'Máy Ảnh Canon Ixus 185 (Đen)', 2350000, '15.jpg', 3, 16, 0, 0, '2016-10-23', '<div class=\"product-title-recap\">Tính năng nổi bật</div><div>\r\n<div>- Cảm biến CCD 20 megapixel&nbsp;</div>\r\n<div>- Bộ xử lý hình ảnh Digic 4+</div>\r\n<div>- Màn hình 2.7inch&nbsp;</div>\r\n<div>- Zoom quang học 8x (28 - 224mm) với ZoomPlus 16x</div>\r\n<div>- Độ nhạy sáng ISO 100-800</div>\r\n<div>- Tốc độ màn chập 15 - 1/2000 giây</div>\r\n<div>- Tốc độ chụp 0,8 ảnh/giây (ở chế độ Auto, chế độ P)</div>\r\n<div>- Quay phim HD&nbsp;</div>\r\n<div>- Pin tương thích NB-11LH</div>\r\n<div>- Trọng lượng 111g</div>\r\n<div><strong>- <a href=\"https://binhminhdigital.com/phu-kien-may-anh-may-quay/\" target=\"_blank\">Phụ kiện máy ảnh đi kèm</a>:</strong> <em>Pin, Sạc pin, Dây đeo, Cataloge, Phiếu bảo hành</em></div>\r\n<div><br>\r\n</div>\r\n</div>', 'Còn hàng'),
(16, 'Máy Ảnh Sony Cybershot DSC W830 (Đen)', 2550000, '16.jpg', 1, 6, 0, 0, '2012-04-09', '<div class=\"product-title-recap\">Tính năng nổi bật</div><div>-&nbsp;<strong><a href=\"https://binhminhdigital.com/sony-cybershot-dsc-w830-den.html\" target=\"_blank\" title=\"Máy Ảnh Sony Cybershot DSC W830\">Máy Ảnh Sony Cybershot DSC W830</a></strong></div>\r\n- Cảm biến hình ảnh CCD 1/ 2.3 inch&nbsp;<br>\r\n- Độ phân giải : 20.1 Megapixel<br>\r\n- Zoom quang học 8x<br>\r\n- Chống rung quang học<br>\r\n- Màn hình 2.7inch<br>\r\n- Độ nhạy sáng ISO 100-3200<br>\r\n- Tốc độ màn chập 2 - 1/1500<br>\r\n- Quay phim HD<br>\r\n- Chụp Panorama 360 độ&nbsp;\r\n<div>- Pin tương thích NP-BN1\r\n<div><strong>-&nbsp;</strong><strong><a href=\"https://binhminhdigital.com/phu-kien-may-anh-may-quay/\" target=\"_blank\" title=\"Phụ kiện máy ảnh\">Phụ kiện máy ảnh</a>&nbsp;đi kèm</strong><strong>:</strong>&nbsp;<em>Pin, Adapter, Dây đeo, cáp USB, Cataloge</em></div>\r\n<div></div>\r\n</div>', 'Trung quốc'),
(17, 'Máy Ảnh Sony DSC WX220 (Đen)', 3600000, '17.jpg', 2, 11, 0, 0, '2014-07-16', '<div class=\"product-title-recap\">Tính năng nổi bật</div><div>-&nbsp;<strong><a href=\"https://binhminhdigital.com/sony-dsc-wx220-den.html\" target=\"_blank\" title=\"Máy Ảnh Sony DSC WX220\">Máy Ảnh Sony DSC WX220</a></strong></div>\r\n- Cảm biến Exmor R® CMOS loại 1/2.3 (7,82mm)<br>\r\n- Độ phân giải 18.2 megapixel<br>\r\n- Ống kính G Sony zoom quang học 10x <br>\r\n- Chống rung quang học<br>\r\n- Màn hình  2.7inch<br>\r\n- Tốc độ màn trập 30 - 1/2000<br>\r\n- Độ nhạy sáng ISO 80-12800<br>\r\n- Quay phim full HD <br>\r\n- Kết nối NFC , Wi-Fi\r\n<div>- Pin tương thích NP-BN1\r\n<div><strong>- <strong><a href=\"https://binhminhdigital.com/phu-kien-may-anh-may-quay/\" target=\"_blank\" title=\"Phụ kiện máy ảnh\">Phụ kiện máy ảnh</a> đi kèm</strong>:</strong>&nbsp;<em>Pin, Adapter, Dây đeo, cáp USB, Cataloge</em></div>\r\n<div></div>\r\n</div>', 'Trung Quốc'),
(18, 'Máy Ảnh Canon EOS 6D Body', 25590000, '18.jpg', 2, 10, 0, 0, '2014-06-14', '<div class=\"product-title-recap\">Tính năng nổi bật</div><div><span style=\"font-size: 18px;\">-&nbsp;<strong><a href=\"https://binhminhdigital.com/canon-eos-6d-body.html\" target=\"_blank\" title=\"Máy Ảnh Canon EOS 6D\">Máy Ảnh Canon EOS 6D</a></strong></span></div>\r\n<div><br>\r\n</div>\r\n<div>- Cảm biến CMOS fullframe 20.2 megapixel.</div>\r\n<div>- Bộ xử lý hình ảnh DIGIC 5+</div>\r\n<div>- ISO 100-25600 ( mở rộng 102400)&nbsp;</div>\r\n<div>- Hệ thống đo nét tiên tiến với 11 điểm</div>\r\n<div>- Màn hình LCD 3.0inch</div>\r\n<div>- Tốc độ màn trập 1/4000 giây tới 30 giây</div>\r\n<div>- Tốc độ chụp liên tục tối đa 4.5 hình/giây</div>\r\n<div>- Thẻ nhớ tương thích : SD/ SDHC/SDXC</div>\r\n<div>- Tích hợp Wi-Fi,GPS</div>\r\n<div>- Trọng lượng &nbsp;675g</div>\r\n<div>\r\n<div>- Pin tương thích LP-E6</div>\r\n<div>- <strong><a href=\"https://binhminhdigital.com/phu-kien-may-anh-may-quay/\" target=\"_blank\">Phụ kiện máy ảnh đi kèm</a></strong> : Pin, Sạc pin, Dây đeo, Cáp USB, Đĩa CD, Cataloge, Phiếu bảo hành</div>\r\n<div><br>\r\n</div>\r\n</div>', 'Nhật bản'),
(19, 'Máy Ảnh Canon PowerShot SX430 IS', 5350000, '19.jpg', 3, 14, 0, 0, '2015-08-19', '<div class=\"product-title-recap\">Tính năng nổi bật</div><div>- Cảm biến CMOS 20.0 megapixel&nbsp;</div>\r\n<div>- Bộ xử lý hình ảnh Digic 4+</div>\r\n<div>- Màn hình 3.0 inch&nbsp;</div>\r\n<div>- Zoom Quang học 45x (24mm – 1080mm)&nbsp;</div>\r\n<div>- Zoomplus lên tới 90x</div>\r\n<div>- Độ nhạy sáng ISO 100-800</div>\r\n<div>- Tốc độ màn chập 15 – 1/4000 giây</div>\r\n<div>- Tốc độ chụp 5.0 ảnh/giây&nbsp;</div>\r\n<div>- Quay phim HD 1280 x 720</div>\r\n<div>- Tích hợp Wifi và NFC</div>\r\n<div>- Sử dụng Pin NB-11LH</div>\r\n<div><strong>- <a href=\"https://binhminhdigital.com/phu-kien-may-anh-may-quay/\" target=\"_blank\">Phụ kiện máy ảnh đi kèm</a>:</strong> <em>Pin, Sạc pin, Dây đeo, Cataloge, Phiếu bảo hành</em></div>\r\n<div><br>\r\n</div>', 'Còn hàng'),
(20, 'Máy ảnh Sony Cybershot DSC-HX350', 7790000, '20.jpg', 3, 19, 0, 0, '2017-11-27', '<div class=\"product-title-recap\">Tính năng nổi bật</div><div>Cảm biến: CMOS BSI Exmor R&reg;</div>\r\n\r\n<div>Kích thước cảm biến: 1/2.3&quot;</div>\r\n\r\n<div>Độ phân giải 20.4MP</div>\r\n\r\n<div>ISO Auto, 80-3200 (mở rộng 12800)</div>\r\n\r\n<div>Zoom quang 50x</div>\r\n\r\n<div>Màn hình LCD xoay lật, độ phân giải 921,600 điểm ảnh</div>\r\n\r\n<div>Ống ngắm điện tử: CÓ</div>\r\n\r\n<div>Tốc độ màn trập: 1/4000 giây - 30 giây</div>\r\n\r\n<div>Chụp ảnh liên tiếp 10.0 fps</div>\r\n\r\n<div>Quay phim: FullhD 60fps, định dạng MPEG-4, AVCHD</div>\r\n\r\n<div>Thẻ nhớ tương thích: SD/SDHC/SDXC + Memory Stick Pro Duo</div>\r\n\r\n<div>\r\n<div><strong>-&nbsp;</strong><strong><a href=\"https://binhminhdigital.com/phu-kien-may-anh-may-quay/\" target=\"_blank\" title=\"Phụ kiện máy ảnh\">Phụ kiện máy ảnh</a>&nbsp;đi kèm</strong><strong>:</strong>&nbsp;<em>Pin NP-BX1, AC Adaptor, cáp micro USB, dây đeo , nắp ống kính, shoe cap&nbsp;</em></div>\r\n\r\n<div>&nbsp;</div>\r\n</div>\r\n', 'Còn hàng'),
(21, 'Máy ảnh Canon EOS 80D Body (Hàng nhập khẩu)', 18900000, '21.jpg', 2, 12, 0, 0, '2014-07-17', '<div class=\"product-title-recap\">Tính năng nổi bật</div><div>\r\n<div>-&nbsp;<a href=\"https://binhminhdigital.com/canon-eos-80d-body.html\" target=\"_blank\" title=\"Máy Ảnh Canon EOS 80D\"><strong>Máy Ảnh Canon EOS 80D</strong></a></div>\r\n<div>- Cảm biến CMOS 24.2 megapixel.</div>\r\n<div>- Bộ xử lý hình ảnh DIGIC 6</div>\r\n<div>- ISO 100-16000 ( mở rộng 25600)</div>\r\n<div>- Hệ thống đo nét tiên tiến với 45 điểm</div>\r\n<div>- Màn hình LCD 3.0inch cảm ứng</div>\r\n<div>- Tốc độ màn trập 1/8000 đến 30 giây</div>\r\n<div>- Tốc độ chụp liên tục tối đa 7.0 hình/giây</div>\r\n<div>- Thẻ nhớ tương thích : SD/ SDHC/SDXC</div>\r\n<div>- Quay phim Full HD 60p</div>\r\n<div>- Tích hợp Wifi và NFC</div>\r\n<div>- Trọng lượng &nbsp;650g</div>\r\n</div>\r\n<div>- Sử dụng Pin LP-E6</div>\r\n<div>- <strong><a href=\"https://binhminhdigital.com/phu-kien-may-anh-may-quay/\" target=\"_blank\">Phụ kiện máy ảnh đi kèm</a></strong> : Pin, sạc pin, dây đeo,cataloge, phiếu bảo hành</div>\r\n<div><br>\r\n</div>\r\n<div>\r\n</div>', 'Còn hàng'),
(22, 'Máy ảnh Fujifilm FinePix XP120 (vàng)', 5090000, '22.jpg', 1, 5, 0, 0, '2011-03-07', '<div class=\"product-title-recap\">Tính năng nổi bật</div><div>- Cảm biến CMOS 16.2MP, kích thước 1/2.3”</div>\r\n<div>- Chống nước 20m, chống sốc 1.70m</div>\r\n<div>- Chịu lạnh -10 Độ C</div>\r\n<div>- Ống kính zoom quang học 5X, có chống rung quang học</div>\r\n<div>- Màn hình LCD 3” với lớp chống chói</div>\r\n<div>- Có Wifi để chia sẻ qua các thiết bị khác</div>\r\n<div>- Quay phim Full HD 60fps</div>\r\n<div>- Quay slow motion 480fps</div>\r\n<div>- 11 chế độ chụp có sẵn</div>\r\n<div>- Chụp ảnh HDR và Panorama 360°</div>\r\n<div>- Pin tương thích NP45</div>\r\n<div><strong>- Phụ kiện đi kèm:</strong> <em>Pin sạc, Cáp USB, Dây đeo, Adapter, Sách HDSD</em></div>\r\n<div><br>\r\n</div>', 'Còn hàng'),
(23, 'Máy Ảnh Canon EOS 1300D Kit 18-55mm f/3.5-5.6 III (hàng nhập khẩu)', 9390000, '23.jpg', 2, 7, 0, 0, '2012-04-10', '<div class=\"product-title-recap\">Tính năng nổi bật</div><div><strong>- <a href=\"https://binhminhdigital.com/canon-eos-1300d-kit-1855mm.html\" target=\"_blank\">Máy Ảnh Canon EOS 1300D Kit 18-55mm f/3.5-5.6 II</a>I</strong></div>\r\n<div>- Cảm biến CMOS 18.0 megapixel</div>\r\n<div>- Bộ xử lý hình ảnh DIGIC 4+</div>\r\n<div>- Hệ thống đo nét tiên tiến với 9 điểm</div>\r\n<div>- Màn hình LCD 3.0inch&nbsp;</div>\r\n<div>- Tốc độ màn trập 30 - 1/4000giây</div>\r\n<div>- Tốc độ chụp liên tục tối đa 3.0 hình/giây</div>\r\n<div>- ISO 100-6400 (mở rộng 12800)</div>\r\n<div>- Quay phim Full HD</div>\r\n<div>- Kết nối Wifi / NFC<br>\r\n<strong>- Đo sáng đèn flash</strong>\r\nĐèn flash tự động <strong>E-TTL II </strong> </div>\r\n<div><strong>- Pin tương thích</strong> LP-E10</div>\r\n<div><strong>- <a href=\"https://binhminhdigital.com/phu-kien-may-anh-may-quay/\" target=\"_blank\">Phụ kiện máy ảnh đi kèm</a></strong> : Pin, sạc pin, dây đeo, đĩa CD, cataloge, phiếu bảo hành</div>\r\n<div><br>\r\n</div>', 'Đài Loan'),
(24, 'Máy Ảnh Canon EOS 750D Body +  EF50MM F/1.8 STM', 13900000, '24.jpg', 1, 5, 0, 0, '2011-03-07', '<div class=\"product-title-recap\">Tính năng nổi bật</div><div></div>\r\n<div>- <strong><a title=\"Máy Ảnh Canon EOS 750D\" target=\"_blank\" href=\"https://binhminhdigital.com/canon-eos-750d-body-hang-nhap-khau.html\">Máy Ảnh Canon EOS 750D</a></strong></div>\r\n<div>- Cảm biến CMOS 24.2 megapixel.</div>\r\n<div>- Bộ xử lý hình ảnh DIGIC 6</div>\r\n<div>- Hệ thống lấy nét lai (Hybrid CMOS AF III)</div>\r\n<div>- Hệ thống đo nét tiên tiến với 19 điểm</div>\r\n<div>- Màn hình LCD 3.0inch cảm ứng</div>\r\n<div>- Tốc độ màn trập 1/4000 giây đến 30 giây</div>\r\n<div>- Tốc độ chụp liên tục tối đa 5.0 hình/giây</div>\r\n<div>- ISO 100-6400 ( mở rộng 12800)</div>\r\n<div>- Thẻ nhớ tương thích : SD/ SDHC/SDXC</div>\r\n<div>- Quay phim Full HD</div>\r\n<div>- Hỗ trợ Wi-Fi và NFC</div>\r\n<div>- Trọng lượng &nbsp;565g<br>\r\n- Phù hợp với&nbsp; <strong>Đèn Speedlite seri EX</strong><br>\r\n- Đo sáng đèn flash 	Đèn flash tự động <strong>E-TTL II</strong><br>\r\n<strong>- Sử dụng với ống kính</strong> EF,EF-S của    Canon (Trừ ống kính EF-M )<br>\r\n</div>\r\n<div>\r\n<div><strong>- Pin tương thích LP-E17</strong></div>\r\n<div><strong>- <a href=\"https://binhminhdigital.com/phu-kien-may-anh-may-quay/\" target=\"_blank\">Phụ kiện máy ảnh đi kèm</a></strong> : Pin, sạc pin, dây đeo,đĩa CD, cataloge, phiếu bảo hành</div>\r\n<div><br>\r\n</div>\r\n</div>\r\n<div>\r\n<div></div>\r\n</div>', 'Đài Loan'),
(25, 'Máy ảnh Nikon Coolpix B700', 8490000, '25.jpg', 1, 6, 0, 0, '2012-04-09', '<div class=\"product-title-recap\">Tính năng nổi bật</div><div><span class=\"notranslate\">-&nbsp;<strong><a href=\"https://binhminhdigital.com/nikon-coolpix-b700.html\" target=\"_blank\" title=\"Máy ảnh Nikon Coolpix B700\">Máy ảnh Nikon Coolpix B700</a></strong></span></div>\r\n<span class=\"notranslate\">- Độ phân giải 20.3 megapixel&nbsp;</span>\r\n<div><span class=\"notranslate\"><span class=\"notranslate\">- Cảm biến CMOS 1 / 2.3-inch</span><br>\r\n- Zoom quang học 60x / Zoom số 4x</span></div>\r\n<div><span class=\"notranslate\">- Ống ngắm điện tử</span></div>\r\n<div><span class=\"notranslate\"><span class=\"notranslate\">- Màn hình 3.0 inch xoay lật<br>\r\n<span class=\"notranslate\">- Quay phim</span> 4K UHD (3,840x2,160) với 30 khung hình/giây </span><br>\r\n<span class=\"notranslate\">- ISO 100-3200&nbsp;</span></span></div>\r\n<div><span class=\"notranslate\">- Tốc độ chụp 5 ảnh/ giây</span></div>\r\n<div><span class=\"notranslate\">- Tốc độ màn trập 1 / 4.000 - 1 giây.</span></div>\r\n<div><span class=\"notranslate\">-&nbsp;Chụp ảnh RAW định dạng (NRW)&nbsp;<br>\r\n- Tích hợp Wi-Fi, NFC và Bluetooth</span></div>\r\n<div><span class=\"notranslate\">- Trọng lượng 570g<br>\r\n<span class=\"notranslate\"></span>- Pin tương thích&nbsp;</span>EN-EL23</div>\r\n<div><strong>- </strong><strong><a href=\"https://binhminhdigital.com/phu-kien-may-anh-may-quay/\" target=\"_blank\" title=\"Phụ kiện máy ảnh\">Phụ kiện máy ảnh</a> kèm theo</strong>&nbsp;: Pin, Adapter, dây đeo, cáp USB, Nắp lens, cataloge, phiếu bảo hành</div>', 'Trung Quốc'),
(26, 'Máy Ảnh Sony DSC WX220 (Vàng)', 3600000, '26.jpg', 2, 11, 0, 0, '2014-06-15', '<div class=\"product-title-recap\">Tính năng nổi bật</div><div>-&nbsp;<strong><a href=\"https://binhminhdigital.com/sony-dsc-wx220-den.html\" target=\"_blank\" title=\"Máy Ảnh Sony DSC WX220\">Máy Ảnh Sony DSC WX220</a></strong></div>\r\n- Cảm biến Exmor R® CMOS loại 1/2.3 (7,82mm)<br>\r\n- Độ phân giải 18.2 megapixel<br>\r\n- Ống kính G Sony zoom quang học 10x&nbsp;<br>\r\n- Chống rung quang học<br>\r\n- Màn hình 2.7inch<br>\r\n- Tốc độ màn trập 30 - 1/2000<br>\r\n- Độ nhạy sáng ISO 80-12800<br>\r\n- Quay phim full HD&nbsp;<br>\r\n- Kết nối NFC , Wi-Fi\r\n<div>- Pin tương thích NP-BN1\r\n<div><strong>- <strong><a href=\"https://binhminhdigital.com/phu-kien-may-anh-may-quay/\" target=\"_blank\" title=\"Phụ kiện máy ảnh\">Phụ kiện máy ảnh</a> đi kèm</strong>:</strong>&nbsp;<em>Pin, Adapter, Dây đeo, cáp USB, Cataloge</em></div>\r\n<div></div>\r\n</div>', 'Trung Quốc'),
(27, 'Máy ảnh Fujifilm X-A10 kit XC16-50MM F3.5-5.6 OIS II (Nâu)', 7990000, '27.jpg', 3, 19, 0, 0, '2017-11-26', '<div class=\"product-title-recap\">Tính năng nổi bật</div><div>- Cảm biến ảnh CMOS APS-C 16.3 MP</div>\r\n<div>- Hệ thống làm sạch cảm biến</div>\r\n<div>- Màn hình LCD 3.0-inch</div>\r\n<div>- ISO: 200 - 6.400, mở rộng 12.800, 25.600</div>\r\n<div>- Tốc độ màn trập 30 giây đến 1/4000 giây</div>\r\n<div>- Tốc độ màn trập điện tử 1/32.000 giây</div>\r\n<div>- Chụp liên tiếp: 3 fps, 6 fps</div>\r\n<div>- Quay phim: Full HD 30p/25p/24p, HD 720 60p</div>\r\n<div>- Kết nối Wifi</div>\r\n<div>- Giao tiếp: USB 2.0, HDMI type-D</div>\r\n<div>- Thẻ nhớ: SD/SDHC/SDXC</div>\r\n<div>- Pin tương thích NP-W126</div>\r\n<div>- Kích thước: 11.69 x 6.74 x 4.04 cm</div>\r\n<div>- Trọng lượng: 282 g (Thân máy), 331 g (Thân máy + pin + thẻ nhớ)</div>\r\n<div><span style=\"color: #ff0000;\">Nhập Mã <strong>XA10KMT5</strong>&nbsp;để được giảm thêm <strong>400,000 vnđ</strong>. Hạn cuối đến ngày&nbsp;</span><strong style=\"color: #ff0000;\">10/06</strong><span style=\"color: #ff0000;\"><strong>/2018&nbsp;</strong></span></div>\r\n<div><br>\r\n</div>', 'Còn hàng'),
(28, 'Máy Ảnh Canon EOS 6D Kit EF 24-105 F4L IS USM (hàng nhập khẩu)', 35790000, '28.jpg', 2, 8, 0, 0, '2013-05-11', '<div class=\"product-title-recap\">Tính năng nổi bật</div><div>\r\n<div>-&nbsp;<strong><a href=\"https://binhminhdigital.com/canon-eos-6d-body.html\" target=\"_blank\" title=\"Máy Ảnh Canon EOS 6D\">Máy Ảnh Canon EOS 6D</a></strong></div>\r\n<div>- Cảm biến CMOS fullframe 20.2 megapixel.</div>\r\n<div>- Bộ xử lý hình ảnh DIGIC 5+</div>\r\n<div>- ISO 100-25600 ( mở rộng 102400)&nbsp;</div>\r\n<div>- Hệ thống đo nét tiên tiến với 11 điểm</div>\r\n<div>- Màn hình LCD 3.0inch</div>\r\n<div>- Tốc độ màn trập 1/4000 giây tới 30 giây</div>\r\n<div>- Tốc độ chụp liên tục tối đa 4.5 hình/giây</div>\r\n<div>- Thẻ nhớ tương thích : SD/ SDHC/SDXC</div>\r\n<div>- Tích hợp Wi-Fi,GPS</div>\r\n<div>- Trọng lượng &nbsp;675g</div>\r\n<div>\r\n<div>- Pin tương thích LP-E6</div>\r\n<div>- <strong><a href=\"https://binhminhdigital.com/phu-kien-may-anh-may-quay/\" target=\"_blank\">Phụ kiện máy ảnh đi kèm</a></strong> : Pin, Sạc pin, Dây đeo, Cáp USB, Đĩa CD, Cataloge, Phiếu bảo hành</div>\r\n<br>\r\n</div>\r\n</div>\r\n<div>\r\n</div>', 'Nhật Bản'),
(29, 'MÁY ẢNH SONY ALPHA A6500 (ILCE-6500) BODY', 27490000, '29.jpg', 1, 3, 0, 0, '2011-02-04', '<div class=\"product-title-recap\">Tính năng nổi bật</div><div><span style=\"font-size: 18px;\">+&nbsp;<strong><a href=\"http://binhminhdigital.com/sony-alpha-a6500.html\" target=\"_blank\" title=\"Máy ảnh Sony Alpha A6500\">Máy ảnh Sony Alpha A6500</a></strong></span></div>\r\n<div><br>\r\n</div>\r\n+ Cảm biến 24.2MP APS-C&nbsp;\r\n<div>+ Ngàm E-mount&nbsp;</div>\r\n<div>+ Hệ thống ổn định 5 trục 425 điểm tự động lấy nét</div>\r\n<div>+ Chế độ kiểm soát Slow &amp; Quick</div>\r\n<div>+ Quay video 4K và HD</div>\r\n<div>+ Màn hình cảm ứng</div>\r\n<div>+ Tốc độ lấy nét 0.05 s</div>\r\n<div><br>\r\n</div>\r\n<div>\r\n<div>\r\n</div>\r\n</div>', 'Còn hàng'),
(30, 'Máy Ảnh Nikon D5500 kit AF-P 18-55 VR ', 14890000, '30.jpg', 1, 6, 0, 0, '2012-04-09', '<div class=\"product-title-recap\">Tính năng nổi bật</div><div>\r\n<div>\r\n<div>\r\n<div>-&nbsp;<span style=\"color: #333399;\"><strong><a href=\"https://binhminhdigital.com/nikon-d5500.html\" target=\"_blank\" title=\"Máy ảnh Nikon D5500\" style=\"color: #333399;\">Máy ảnh Nikon D5500</a></strong></span></div>\r\n<div>- Bộ cảm biến CMOS &nbsp;24.2 megapixel</div>\r\n<div>- Bộ xử lý hình ảnh EXPEED 4</div>\r\n<div>- Màn hình 3.2inch cảm ứng xoay lật 180 độ</div>\r\n<div>- 39 điểm lấy nét tự động</div>\r\n<div>- ISO100 - 25600</div>\r\n<div>- Tốc độ màn chập 30 - 1/4000giây</div>\r\n<div>- Tốc độ chụp 5 ảnh/ giây</div>\r\n<div>- Quay phim Full HD 1920x1080 / 60 fps</div>\r\n<div>- Tích hợp Wi-Fi, NFC, (GPS chọn thêm)</div>\r\n<div>- Sử dụng Pin EN-EL14</div>\r\n</div>\r\n</div>\r\n</div>\r\n<div>\r\n</div>', 'Thái Lan'),
(31, 'MÁY ẢNH NIKON D5600 KIT AF-P 18-55 VR', 15900000, '31.jpg', 1, 4, 0, 0, '2011-03-06', '<div class=\"product-title-recap\">Tính năng nổi bật</div><div>- <span style=\"color: #333399;\"><strong><a style=\"color: #333399;\" href=\"https://binhminhdigital.com/nikon-d5600.html\" target=\"_blank\" title=\"Máy Ảnh Nikon D5600\">Máy Ảnh Nikon D5600</a></strong></span></div>\r\n- Cảm biến: CMOS APS-C 25 MP, hiệu dụng : 24 MP<br>\r\n- Chip xử lý ảnh: Nikon EXPEED 4<br>\r\n- ISO: Auto, 100 - 25.600<br>\r\n- Tốc độ màn trập: 1/4000 - 30 giây<br>\r\n- Hệ thống lấy nét: AF 39 điểm, có tracking hỗ trợ quay phim<br>\r\n- Viewfinder: quang học, độ bao phủ 95%, độ phóng đại 0,82x<br>\r\n- Màn hình: LCD TFT cảm ứng 3.2-inch, 1.037.000 pixel<br>\r\n- Quay phim: 1080p@60fps, 720p@60fps, quay Timelapse<br>\r\n- Kết nối: USB 2.0, Bluetooth 4.1 LE, Wi-Fi 801.11b/g/n, mini-HDMI<br>\r\n- Cân nặng: 465g kèm pin<br>\r\n- Kích thước: 124 x 97 x 70 mm', 'Còn hàng'),
(32, 'Máy Ảnh Canon Powershot SX620 HS (Đen)', 5290000, '32.jpg', 1, 4, 0, 0, '2011-02-05', '<div class=\"product-title-recap\">Tính năng nổi bật</div><div>-<strong><a href=\"https://binhminhdigital.com/may-anh-canon-powershot-sx620-hs-den-hang-nhap-khau.html\" target=\"_blank\">Máy Ảnh Canon Powershot SX620 HS (Đen, HÀNG NHẬP KHẨU)</a></strong></div>\r\n<div>- Độ phân giải 20.2 megapixel</div>\r\n<div>- Bộ xử lý hình ảnh Digic 4+</div>\r\n<div>- Màn hình 3.0 inch&nbsp;</div>\r\n<div>- Bộ ổn định hình ảnh thông minh</div>\r\n<div>- Zoom Quang học 25x (25mm – 625mm)&nbsp;</div>\r\n<div>- Zoomplus lên tới 50x</div>\r\n<div>- Độ nhạy sáng ISO 800-1600</div>\r\n<div>- Tốc độ màn chập 15 - 1/2000giây</div>\r\n<div>- Tốc độ chụp 2.5 ảnh/giây&nbsp;</div>\r\n<div>- Quay phim Full HD 1920 x 1080</div>\r\n<div>- Tích hợp Wifi và NFC</div>\r\n<div>- Trọng lượng 158g</div>\r\n<div>- Sử dụng Pin NB-13LH</div>\r\n<div><strong>- <a href=\"https://binhminhdigital.com/phu-kien-may-anh-may-quay/\" target=\"_blank\">Phụ kiện máy ảnh đi kèm</a>:</strong> <em>Pin, Sạc pin, Dây đeo, Cataloge, Phiếu bảo hành</em></div>', 'Còn hàng'),
(33, 'Máy Ảnh Canon Ixus 190 (Đen)', 3900000, '33.jpg', 3, 16, 0, 0, '2016-09-22', '<div class=\"product-title-recap\">Tính năng nổi bật</div><div>- Cảm biến CCD 20 megapixel&nbsp;</div>\r\n<div>- Bộ xử lý hình ảnh Digic 4+</div>\r\n<div>- Màn hình 2.7inch&nbsp;</div>\r\n<div>- Zoom quang học 10x (24 - 240 mm) ZoomPlus 20x</div>\r\n<div>- Độ nhạy sáng ISO 100-800</div>\r\n<div>- Tốc độ màn chập 15 - 1/2000 giây</div>\r\n<div>- Tốc độ chụp 0,8 ảnh/giây (ở chế độ Auto, chế độ P)</div>\r\n<div>- Quay phim HD&nbsp;</div>\r\n<div>- Kết nối Wi-Fi &amp; NFC</div>\r\n<div>- Pin tương thích NB-11LH</div>\r\n<div>- Trọng lượng 122g</div>\r\n<div><strong>- <a href=\"https://binhminhdigital.com/phu-kien-may-anh-may-quay/\" target=\"_blank\">Phụ kiện máy ảnh đi kèm</a>:</strong> <em>Pin, Sạc pin, Dây đeo, Cataloge, Phiếu bảo hành</em></div>\r\n<div><br>\r\n</div>', 'Còn hàng'),
(34, 'Máy ảnh Canon IXUS 285 HS ', 4750000, '34.jpg', 3, 17, 0, 0, '2017-10-24', '<div class=\"product-title-recap\">Tính năng nổi bật</div><div>-&nbsp;<strong><a href=\"https://binhminhdigital.com/canon-ixus-285-hs.html\" target=\"_blank\" title=\"Máy ảnh Canon IXUS 285 HS\">Máy ảnh Canon IXUS 285 HS</a></strong></div>\r\n<div>- Cảm biến CMOS 20 megapixel&nbsp;</div>\r\n<div>- Bộ xử lý hình ảnh Digic 4+</div>\r\n<div>- Màn hình 3.0inch</div>\r\n<div>- Zoom quang học 12x (25 - 300mm) với ZoomPlus 24x</div>\r\n<div>- Độ nhạy sáng ISO 100-1600</div>\r\n<div>- Tốc độ màn chập 15 - 1/2000 giây</div>\r\n<div>- Tốc độ chụp 2.5 ảnh/giây (ở chế độ Auto, chế độ P)</div>\r\n<div>- Quay phim full HD&nbsp;</div>\r\n<div>- Kết nối Wi-Fi &amp; NFC</div>\r\n<div>- Pin tương thích NB-11LH</div>\r\n<div>- Trọng lượng 130g</div>\r\n<div><strong>- <a href=\"https://binhminhdigital.com/phu-kien-may-anh-may-quay/\" target=\"_blank\">Phụ kiện máy ảnh đi kèm</a>:</strong> <em>Pin, Sạc pin, Dây đeo, Cataloge, Phiếu bảo hành</em></div>\r\n<div><br>\r\n</div>', 'Trung Quốc'),
(35, 'Máy Ảnh Fujifilm X-A3 Kit XC16-50mm F3.5-5.6 OIS II (Hồng)', 10390000, '35.jpg', 1, 3, 0, 0, '2011-02-04', '<div class=\"product-title-recap\">Tính năng nổi bật</div><div>-&nbsp;<span style=\"color: #333399;\"><strong>Fujifilm X-A3 Kit XC16-50mm F3.5-5.6 OIS II (Hồng)</strong></span></div>\r\n<div>- Cảm biến CMOS kích thước APS-C</div>\r\n<div>- Độ phân giải 24.2MP</div>\r\n<div>- Chip xử lý ảnh EXR Processor II</div>\r\n<div>- Hệ thống lấy nét 77 điểm toàn khung và 49 điểm đơn</div>\r\n<div>- ISO200 – ISO25600</div>\r\n<div>- Hỗ trợ xử lý ảnh RAW ngay trong thân máy</div>\r\n<div>- Thêm 2 filter màu phim “PRO Neg.Hi” and “PRO Neg.Std.”</div>\r\n<div>- Thêm chế độ Panorama và Time Lapse</div>\r\n<div>- Kết nối: WIfi, Micro USB (2.0)</div>\r\n<div>- Kích thước: 117 x 67 x 40 mm</div>\r\n<div>- Trọng lượng 339g</div>\r\n<div><span style=\"color: #ff0000;\">Nhập Mã Giảm giá <strong>XA3KMBMT2</strong> để được giảm thêm <strong>500,000 vnđ</strong>. Hạn cuối đến ngày&nbsp;</span><strong style=\"color: #ff0000;\">10/06</strong><span style=\"color: #ff0000;\"><strong>/2018</strong></span></div>', 'Còn hàng'),
(36, 'Máy Ảnh Sony Alpha A6000 (ILCE-6000) body + SEL50 F1.8 OSS', 15090000, '36.jpg', 2, 13, 0, 0, '2015-08-18', '<div class=\"product-title-recap\">Tính năng nổi bật</div><span style=\"font-size: 14px; font-family: arial; color: #444444;\">- Cảm biến Exmor™ APS HD CMOS 24.3MP có bộ xử lý BIONZ X™</span><br style=\"box-sizing: border-box; outline: currentcolor none medium; color: #444444; font-family: arial; font-size: 14px;\">\r\n<span style=\"font-size: 14px; font-family: arial; color: #444444;\">- Độ phân giải 24.3 MP</span><br style=\"box-sizing: border-box; outline: currentcolor none medium; color: #444444; font-family: arial; font-size: 14px;\">\r\n<span style=\"font-size: 14px; font-family: arial; color: #444444;\">- Lấy nét tự động Fast Hybrid</span><br style=\"box-sizing: border-box; outline: currentcolor none medium; color: #444444; font-family: arial; font-size: 14px;\">\r\n<span style=\"font-size: 14px; font-family: arial; color: #444444;\">- Khung ngắm điện tử 1,0 cm</span><br style=\"box-sizing: border-box; outline: currentcolor none medium; color: #444444; font-family: arial; font-size: 14px;\">\r\n<span style=\"font-size: 14px; font-family: arial; color: #444444;\">- Màn hình 3 inch</span><br style=\"box-sizing: border-box; outline: currentcolor none medium; color: #444444; font-family: arial; font-size: 14px;\">\r\n<span style=\"font-size: 14px; font-family: arial; color: #444444;\">- ISO 100-25600</span><br style=\"box-sizing: border-box; outline: currentcolor none medium; color: #444444; font-family: arial; font-size: 14px;\">\r\n<span style=\"font-size: 14px; font-family: arial; color: #444444;\">- Tốc độ chụp 11 ảnh / giây</span><br style=\"box-sizing: border-box; outline: currentcolor none medium; color: #444444; font-family: arial; font-size: 14px;\">\r\n<span style=\"font-size: 14px; font-family: arial; color: #444444;\">- Chia sẻ và kiểm soát đơn giản cùng Wi-Fi® và NFC một chạm</span>\r\n<div><span style=\"font-size: 18px;\"><strong><span style=\"font-size: 18px; color: #ff0000;\">* Giá khuyến mãi từ 4/9/ - 01/10/2017 *</span></strong></span><br>\r\n</div>', 'Còn hàng'),
(37, 'Máy ảnh Canon IXUS 285 HS (Bạc)', 5390000, '37.jpg', 1, 2, 0, 0, '2010-02-03', '<div class=\"product-title-recap\">Tính năng nổi bật</div><div>-&nbsp;<strong><a href=\"https://binhminhdigital.com/canon-ixus-285-hs.html\" target=\"_blank\" title=\"Máy ảnh Canon IXUS 285 HS\">Máy ảnh Canon IXUS 285 HS</a></strong></div>\r\n<div>- Cảm biến CMOS 20 megapixel&nbsp;</div>\r\n<div>- Bộ xử lý hình ảnh Digic 4+</div>\r\n<div>- Màn hình 3.0inch</div>\r\n<div>- Zoom quang học 12x (25 - 300mm) với ZoomPlus 24x</div>\r\n<div>- Độ nhạy sáng ISO 100-1600</div>\r\n<div>- Tốc độ màn chập 15 - 1/2000 giây</div>\r\n<div>- Tốc độ chụp 2.5 ảnh/giây (ở chế độ Auto, chế độ P)</div>\r\n<div>- Quay phim full HD&nbsp;</div>\r\n<div>- Kết nối Wi-Fi &amp; NFC</div>\r\n<div>- Pin tương thích NB-11LH</div>\r\n<div>- Trọng lượng 130g</div>\r\n<div><strong>- <a href=\"https://binhminhdigital.com/phu-kien-may-anh-may-quay/\" target=\"_blank\">Phụ kiện máy ảnh đi kèm</a>:</strong>&nbsp;<em>Pin, Sạc pin, Dây đeo, Cataloge, Phiếu bảo hành</em></div>\r\n<div><br>\r\n</div>', 'Trung Quốc'),
(38, 'Máy Ảnh Sony Alpha A6500 (ILCE-6500) Kit 16-50 (Đen)', 30990000, '38.jpg', 1, 4, 0, 0, '2011-03-06', '<div class=\"product-title-recap\">Tính năng nổi bật</div><div>- Cảm biến 24.2MP APS-C&nbsp;</div>\r\n<div>- Ngàm E-mount&nbsp;</div>\r\n<div>- Hệ thống ổn định 5 trục 425 điểm tự động lấy nét</div>\r\n<div>- Chế độ kiểm soát Slow &amp; Quick</div>\r\n<div>- Quay video 4K và HD</div>\r\n<div>- Màn hình cảm ứng</div>\r\n<div>- Tốc độ lấy nét 0.05 s</div>\r\n<div><br>\r\n<div>\r\n</div>\r\n</div>', 'Còn hàng'),
(39, 'Máy Ảnh Sony CyberShot DSC-WX500 (Đỏ)', 6639000, '39.jpg', 1, 4, 0, 0, '2011-03-06', '<div class=\"product-title-recap\">Tính năng nổi bật</div><div>-&nbsp;<strong style=\"font-family: arial; font-size: 14px; text-align: justify;\"><a href=\"https://binhminhdigital.com/sony-cybershot-dscwx500.html\" target=\"_blank\" title=\"Máy ảnh Sony CyberShot DSC-WX500\">Máy ảnh Sony CyberShot DSC-WX500</a></strong></div>\r\n<div>- Cảm biến Exmor R® CMOS loại 1/2.3 (7,82mm)</div>\r\n<div>- Độ phân giải 18.2 megapixel</div>\r\n<div>- Bộ xử lý hình ảnh BIONZ X™</div>\r\n<div>- Ống kính zoom quang học 30x ZEISS® Vario-Sonnar T*</div>\r\n<div>- Tiêu cự 24-720mm</div>\r\n<div>- Màn hình 3.0inch &nbsp;lật 180 độ</div>\r\n<div>- Tốc độ màn trập 30 - 1/2000</div>\r\n<div>- Độ nhạy sáng ISO 80-12800</div>\r\n<div>- Quay phim full HD (1920 x 1080) 60p/50p</div>\r\n<div>- Kết nối NFC , Wi-Fi</div>\r\n<div>- Pin tương thích NP-BX1\r\n<div><strong>-&nbsp;</strong><strong><a href=\"https://binhminhdigital.com/phu-kien-may-anh-may-quay/\" target=\"_blank\" title=\"Phụ kiện máy ảnh\">Phụ kiện máy ảnh</a>&nbsp;đi kèm</strong><strong>:</strong>&nbsp;<em>Pin, Adapter , Dây đeo, cáp USB, Cataloge</em></div>\r\n<div></div>\r\n</div>', 'Trung Quốc'),
(40, 'Máy Ảnh Sony Alpha A6300 (ILCE-6300) Body (Đen)', 18490000, '40.jpg', 2, 10, 0, 0, '2013-06-14', '<div class=\"product-title-recap\">Tính năng nổi bật</div><div>\r\n<div>-&nbsp;<strong><a href=\"https://binhminhdigital.com/sony-alpha-a6300-ilce6300l-kit-1650-f3556-oss-den.html\" target=\"_blank\" title=\"Máy Ảnh Sony Alpha A6300\">Máy Ảnh Sony Alpha A6300</a></strong></div>\r\n- Cảm biến cải tiến mới APS-C HD CMOS 24.2 MegaPixels<br>\r\n- Màn hình lật 3.0 inch&nbsp;<br>\r\n- Độ nhạy sáng cao ISO 100 - 25600<br>\r\n- Chụp liên tiếp 11ảnh/ giây<br>\r\n- 169 điểm lấy nét tự động theo tương phản + 425 điểm lấy nét theo pha<br>\r\n- Hệ thống đo sáng thông minh DRO<br>\r\n- Quay phim chuẩn 4K<br>\r\n- Tích hợp wifi và NFC</div>\r\n<div><br>\r\n<div><br>\r\n<div>\r\n</div>\r\n</div>\r\n</div>', 'Thái Lan'),
(41, 'Máy Ảnh Canon PowerShot SX540 HS (hàng nhập khẩu)', 7200000, '41.jpg', 1, 1, 0, 0, '2010-01-01', '<div class=\"product-title-recap\">Tính năng nổi bật</div><div><strong><a href=\"https://binhminhdigital.com/canon-powershot-sx540-hs.html\">Máy ảnh Canon PowerShot SX540 HS</a></strong><br>\r\n- Cảm biến CMOS 20.3 megapixel&nbsp;</div>\r\n<div>- Bộ xử lý hình ảnh Digic 6</div>\r\n<div>- Màn hình 3.0 inch&nbsp;</div>\r\n<div>- Zoom Quang học 50x (24mm – 1200mm)&nbsp;</div>\r\n<div>- Zoomplus lên tới 100x</div>\r\n<div>- Độ nhạy sáng ISO 100-1600</div>\r\n<div>- Tốc độ màn chập 15 – 1/2000 giây</div>\r\n<div>- Tốc độ chụp 5.9 ảnh/giây&nbsp;</div>\r\n<div>- Quay phim Full HD 1920 x 1080</div>\r\n<div>- Tích hợp Wifi và NFC</div>\r\n<div>- Sử dụng Pin NB-6LH</div>\r\n<div><strong><a href=\"https://binhminhdigital.com/phu-kien-may-anh-may-quay/\" target=\"_blank\">Phụ kiện máy ảnh đi kèm</a></strong>: Pin, Sạc pin, Dây đeo, Cataloge, Phiếu bảo hành<br>\r\n<br>\r\n</div>', 'Còn hàng'),
(42, 'Máy Ảnh Canon Ixus 185 (Đỏ)', 2350000, '42.jpg', 2, 8, 0, 0, '2012-05-11', '<div class=\"product-title-recap\">Tính năng nổi bật</div><div>- Cảm biến CCD 20 megapixel&nbsp;</div>\r\n<div>- Bộ xử lý hình ảnh Digic 4+</div>\r\n<div>- Màn hình 2.7inch&nbsp;</div>\r\n<div>- Zoom quang học 8x (28 - 224mm) với ZoomPlus 16x</div>\r\n<div>- Độ nhạy sáng ISO 100-800</div>\r\n<div>- Tốc độ màn chập 15 - 1/2000 giây</div>\r\n<div>- Tốc độ chụp 0,8 ảnh/giây (ở chế độ Auto, chế độ P)</div>\r\n<div>- Quay phim HD&nbsp;</div>\r\n<div>- Pin tương thích NB-11LH</div>\r\n<div>- Trọng lượng 111g</div>\r\n<div><strong>- <a href=\"https://binhminhdigital.com/phu-kien-may-anh-may-quay/\" target=\"_blank\">Phụ kiện máy ảnh đi kèm</a>:</strong> <em>Pin, Sạc pin, Dây đeo, Cataloge, Phiếu bảo hành</em></div>\r\n<div><br>\r\n</div>', 'Còn hàng'),
(43, 'MÁY ẢNH SONY CYBERSHOT W810 (Đen)', 2190000, '43.jpg', 3, 17, 0, 0, '2017-10-24', '<div class=\"product-title-recap\">Tính năng nổi bật</div><div>- Độ phân giải: 20.1 MP</div>\r\n<div>- Cảm biến ánh sáng: 1/2.3 type (7.76mm) Super HAD CCD</div>\r\n<div>- Ổn định hình ảnh: Electronic SteadyShot</div>\r\n<div>- ISO (ảnh tĩnh): Auto (ISO 100 – 3200)</div>\r\n<div>- Ống kính: Sony Lens</div>\r\n<div>- Màn hình LCD: 2.7\' (6.7 cm) (4:3)&nbsp;</div>\r\n<div>&nbsp;230,400 dots / Xtra Fine / TFT LCD&nbsp;</div>\r\n<div>- Cổng USB: Có&nbsp;</div>\r\n<div>- Tính năng khác: &nbsp;Chế độ Party / Hiệu ứng hình ảnh</div>\r\n<div>&nbsp;Panorama / Scene selection/ External flash&nbsp;</div>\r\n<div>- Kích thước: khoảng 96.8 x 55.5 x 20.9 mm</div>\r\n<div>- Trọng lượng (bao gồm pin và thẻ nhớ): khoảng 127g</div>\r\n- Pin tương thích NP-BN1\r\n<div><strong>- <strong><a href=\"https://binhminhdigital.com/phu-kien-may-anh-may-quay/\" target=\"_blank\" title=\"Phụ kiện máy ảnh\">Phụ kiện máy ảnh</a> đi kèm</strong>:</strong>&nbsp;<em>Pin, Adapter, Dây đeo, cáp USB, Cataloge</em></div>\r\n<div></div>', 'Còn hàng'),
(44, 'Máy Ảnh Canon PowerShot G9 X (Bạc)', 9000000, '44.jpg', 2, 11, 0, 0, '2014-06-15', '<div class=\"product-title-recap\">Tính năng nổi bật</div><div>- <strong><a href=\"https://binhminhdigital.com/canon-g9-x.html\" target=\"_blank\" title=\"Máy Ảnh Canon PowerShot G9 X\">Máy Ảnh Canon PowerShot G9 X</a></strong></div>\r\n<div>- Bộ cảm biến CMOS 20.2 megapixels</div>\r\n<div>- Bộ xử lý hình ảnh Digic 6</div>\r\n<div>- Màn hình 3.0 inch&nbsp;</div>\r\n<div>- Độ dài tiêu cự 28-84 f/2.0-4.9</div>\r\n<div>- Độ nhạy sáng ISO 125-6400 (mở rộng 12800)</div>\r\n<div>- Tốc độ màn chập 1-30 / 2000 giây</div>\r\n<div>- Tốc độ chụp 6.0 ảnh/giây&nbsp;</div>\r\n<div>- Quay phim Full HD 24p/25p/30p/50p/60p</div>\r\n<div>- Kết nối Wi-Fi, NFC</div>\r\n<div>- Pin tương thích NB-13L</div>\r\n<div><strong>- <a href=\"https://binhminhdigital.com/phu-kien-may-anh-may-quay/\" target=\"_blank\">Phụ kiện máy ảnh đi kèm</a>:</strong> <em>Pin, Sạc pin, Dây đeo, Cataloge, Phiếu bảo hành</em></div>\r\n<div><br>\r\n</div>', 'Nhật'),
(45, 'Máy Ảnh Canon EOS 77D Body (Hàng nhập khẩu)', 16500000, '45.jpg', 3, 16, 0, 0, '2016-10-23', '<div class=\"product-title-recap\">Tính năng nổi bật</div><div>- Cảm biến CMOS APS-C 24.2MP</div>\r\n<div>- Bộ xử lý hình ảnh DIGIC 7</div>\r\n<div>- Màn hình cảm ứng LCD 3inch 1.04m-Dot</div>\r\n<div>- Quay video Full HD 1080p tại 60fps</div>\r\n<div>- Hệ thống lấy nét theo pha 45 điểm Cross-Type</div>\r\n<div>- Dual Pixel CMOS AF</div>\r\n<div>- Tốc độ chụp liên tục 6fps, ISO mở rộng 51200</div>\r\n<div>- Tích hợp kết nối Wifi, NFC, Bluetooth</div>\r\n<div>- Cảm biến RGB+IR 7560 Pixel</div>\r\n<div>- Pin tương thích LP-E17</div>', 'Còn hàng'),
(46, 'Máy Ảnh Sony Alpha A6300 (ILCE-6300) KIT FE 50mm F1.8 (SEL50F18F) (Đen)', 24090000, '46.jpg', 2, 9, 0, 0, '2013-05-12', '<div class=\"product-title-recap\">Tính năng nổi bật</div>-&nbsp;<strong><a href=\"https://binhminhdigital.com/sony-alpha-a6300-ilce6300l-kit-1650-f3556-oss-den.html\" target=\"_blank\" title=\"Máy Ảnh Sony Alpha A6300\">Máy Ảnh Sony Alpha A6300</a></strong><br>\r\n- Cảm biến cải tiến mới APS-C HD CMOS 24.2 MegaPixels<br>\r\n- Màn hình lật 3.0 inch <br>\r\n- Độ nhạy sáng cao ISO 100 - 25600<br>\r\n- Chụp liên tiếp 11ảnh/ giây<br>\r\n- 169 điểm lấy nét tự động theo tương phản + 425 điểm lấy nét theo pha<br>\r\n- Hệ thống đo sáng thông minh DRO<br>\r\n- Quay phim chuẩn 4K<br>\r\n- Tích hợp wifi và NFC&nbsp;\r\n<div><br>\r\n<div><br>\r\n<div>\r\n</div>\r\n</div>\r\n</div>', 'Còn hàng');
INSERT INTO `may_anh` (`ma_may_anh`, `ten_may_anh`, `gia`, `duong_dan`, `ma_ncc`, `so_luong`, `so_luong_ban`, `so_luong_xem`, `ngay_nhap`, `mo_ta`, `xuat_xu`) VALUES
(47, 'Máy ảnh Sony Alpha A7M2K Kit 28-70mm (ILCE-7M2K)', 34990000, '47.jpg', 2, 9, 0, 0, '2013-05-13', '<div class=\"product-title-recap\">Tính năng nổi bật</div><div><span style=\"font-size: 14px; font-family: arial;\"><span style=\"font-size: 100%;\">-<strong>&nbsp;<a href=\"http://binhminhdigital.com/sony-alpha-a7-ii-body-ilce7m2.html\" target=\"_blank\" title=\"Máy ảnh sony A7m2\">Máy ảnh sony Alpha A7m2</a></strong>&nbsp;</span><br>\r\n- Bộ cảm biến Exmor CMOS 24.3-megapixel full-frame</span>\r\n<style type=\"text/css\">\r\n    <!--td {border: 1px solid #ccc;}br {mso-data-placement:same-cell;}-->\r\n</style>\r\n</div>\r\n<div><span style=\"font-size: 14px; font-family: arial;\">- Khung ngắm điện tử&nbsp;</span></div>\r\n<div><span style=\"font-size: 14px; font-family: arial;\">- Màn hình 3.0inch&nbsp;</span></div>\r\n<div><span style=\"font-size: 14px; font-family: arial;\">- Ổn định hình ảnh 5 trục</span></div>\r\n<div><span style=\"font-size: 14px; font-family: arial;\">- Full frame 35mm: 117 điểm</span></div>\r\n<div><span style=\"font-size: 14px; font-family: arial;\">- ISO 50-25600 &nbsp;(mở rộng 51200)</span></div>\r\n<div><span style=\"font-size: 14px; font-family: arial;\">- Tốc độ màn chập 1/8000 đến 30 giây</span></div>\r\n<div><span style=\"font-size: 14px; font-family: arial;\">- Tốc độ chụp 5.0 ảnh/ giây</span></div>\r\n<div><span style=\"font-size: 14px; font-family: arial;\">- Quay phim Full HD 1920 x 1080/60p 50Mbps</span></div>\r\n<div><span style=\"font-size: 14px; font-family: arial;\">- Tích hợp Wifi, NFC</span></div>\r\n<div><span style=\"font-size: 14px; font-family: arial;\">- Sử dụng Pin NP-FW50</span></div>\r\n<div><br>\r\n</div>', 'Thái Lan'),
(48, 'Máy ảnh Fujifilm X-A5 Kit 15-45 mm F 3.5.5.6 OIS PZ( BẠC)', 13490000, '48.jpg', 1, 2, 0, 0, '2010-01-02', '<div class=\"product-title-recap\">Tính năng nổi bật</div><div><strong style=\"font-size: 14px; text-align: -webkit-center;\"><a href=\"https://binhminhdigital.com/may-anh-fujifilm-xa5.html\"><span style=\"font-size: 18px;\">Máy ảnh Fujifilm X-A5</span></a></strong></div>\r\n<div>- Cảm biến 24,2 triệu điểm ảnh</div>\r\n<div>- Kích thước: 116,9 mm x 67,7 mm x 40,4 mm</div>\r\n<div>- Trọng lượng: 311 g body) · 361 g (kể cả pin và thẻ nhớ)</div>\r\n<div>- ISO: tiêu chuẩn ISO 200 - 12800, mở rộng ISO 100/25600/51200</div>\r\n<div>- Video: 4K 3840 x 2160&nbsp;</div>\r\n<div>- Màn hình LCD xoay lật 180 độ</div>\r\n<div>- Mở rộng phạm vi từ ± 3EV đến ± 5EV&nbsp;</div>\r\n<div><br>\r\n</div>', 'Còn hàng'),
(49, 'Máy ảnh Nikon D500 Body (Hàng nhập khẩu)', 36500000, '49.jpg', 2, 9, 0, 0, '2013-06-13', '<div class=\"product-title-recap\">Tính năng nổi bật</div><div>-&nbsp;<span style=\"color: #333399;\"><strong><a href=\"https://binhminhdigital.com/nikon-d500-body.html\" target=\"_blank\" title=\"Máy ảnh Nikon D500\" style=\"color: #333399;\">Máy ảnh Nikon D500</a></strong></span></div>\r\n- Cảm biến hình ảnh mới EXPEED 5 với độ phân giải 20.9MP&nbsp;<br>\r\n- Màn hình cảm ứng LCD 3.2 \"2,539k-Dot Nghiêng&nbsp;<br>\r\n- Quay Video4K UHD ở 30 fps<br>\r\n- Multi-CAM 20K 153-Point Hệ thống AF<br>\r\n- ISO 51200, ISO mở rộng tới 1.640.000<br>\r\n- 10 fps chụp cho đến 200 Frames<br>\r\n- Kết nối Wi-Fi, Bluetooth và NFC\r\n<div>-&nbsp;Pin tương thích EN-EL15</div>', 'Còn hàng'),
(50, 'Máy ảnh Fujifilm Instax Mini 90 Neo Classic (Nâu)', 3950000, '50.jpg', 1, 4, 0, 0, '2011-03-06', '<div class=\"product-title-recap\">Tính năng nổi bật</div><div>- Kích thước máy: 11.3 x 9.2 x 5.7 cm (W x H x D)</div>\r\n<div>-Trọng lượng: 296g</div>\r\n<div>- Tốc độ chụp: 1/8 - 1/400sec</div>\r\n<div>- Phơi sáng 10sec</div>\r\n<div>- Ống kính Fujinon</div>\r\n<div>- Chế độ flash tự động</div>\r\n<div>- Phạm vi hiệu quả hiệu quả 0.6-3m/ 3m- ∞</div>\r\n<div>- Màn hình LCD: hiển thị chi tiết của chế độ chụp ảnh.</div>\r\n<div>- Pin NP-45</div>\r\n<div>- Bộ sạc BC-45C</div>\r\n<div><br>\r\n</div>', 'Còn hàng'),
(51, 'Máy Ảnh Fujifilm X-E3 + Kit 23mm f/2 R WR (Bạc)', 27690000, '51.jpg', 2, 11, 0, 0, '2014-07-16', '<div class=\"product-title-recap\">Tính năng nổi bật</div><div>- Cảm biến: 24M X-Trans CMOS III</div>\r\n<div>- Chip xử lý: X-Processor Pro</div>\r\n<div>- Tốc độ chụp ảnh: 8fps/14fps Burst Shooting</div>\r\n<div>- Màn hình: 3inch cảm ứng với 15 giả lập phim</div>\r\n<div>- ISO 100 -51200</div>\r\n<div>- Quay phim: 4K 30p 100Mbps</div>\r\n<div>- Ống ngắm EVF 2.36 triệu điểm ảnh</div>\r\n<div>- Kết nối: Wifi ,&nbsp; Bluetooth&nbsp;</div>\r\n<div>- Trọng lượng 337g</div>\r\n<div><br>\r\n</div>\r\n<div>\r\n<div><br>\r\n</div>\r\n</div>', 'Bình chọn'),
(52, 'Máy Ảnh Sony Alpha A6000 (ILCE-6000L) kit SEL16-50 F3.5-5.6 OSS + SEL55-210 F4.5-6.3 OSS (Bạc)', 18590000, '52.jpg', 1, 1, 0, 0, '2010-01-01', '<div class=\"product-title-recap\">Tính năng nổi bật</div><div>-&nbsp;<strong><a href=\"https://binhminhdigital.com/sony-alpha-a6000-1650-oss-f3556-lens-kit-den.html\" target=\"_blank\" title=\"Máy Ảnh Sony Alpha A6000\">Máy Ảnh Sony Alpha A6000</a></strong></div>\r\n- Cảm biến Exmor™ APS HD CMOS 24.3MP có bộ xử lý BIONZ X™<br>\r\n- Độ phân giải 24.3 MP<br>\r\n- Lấy nét tự động Fast Hybrid<br>\r\n- Khung ngắm điện tử 1,0 cm<br>\r\n- Màn hình 3 inch<br>\r\n- ISO 100-25600<br>\r\n- Tốc độ chụp 11 ảnh / giây<br>\r\n- Chia sẻ và kiểm soát đơn giản cùng Wi-Fi® và NFC một chạm\r\n<div>- Pin tương thích NP-FW50<br>\r\n&nbsp;\r\n<div><br>\r\n</div>\r\n</div>', 'Còn hàng'),
(53, 'Máy ảnh Sony A7M2 (ILCE-7M2) Body + FE 50mm f/1.8F', 35030000, '53.jpg', 3, 14, 0, 0, '2015-08-20', '<div class=\"product-title-recap\">Tính năng nổi bật</div><div>- Bộ cảm biến Exmor CMOS 24.3-megapixel full-frame</div>\r\n<div>- Khung ngắm điện tử&nbsp;</div>\r\n<div>- Màn hình 3.0inch&nbsp;</div>\r\n<div>- Ổn định hình ảnh 5 trục</div>\r\n<div>- Full frame 35mm: 117 điểm</div>\r\n<div>- ISO 50-25600&nbsp; (mở rộng 51200)</div>\r\n<div>- Tốc độ màn chập 1/8000 đến 30 giây</div>\r\n<div>- Tốc độ chụp 5.0 ảnh/ giây</div>\r\n<div>- Quay phim Full HD 1920 x 1080/60p 50Mbps</div>\r\n<div>- Tích hợp Wifi, NFC</div>\r\n<div>- Sử dụng Pin NP-FW50</div>', 'Còn hàng'),
(54, 'Máy ảnh Fujifilm instax WIDE 300', 2990000, '54.jpg', 1, 3, 0, 0, '2011-02-04', '<div class=\"product-title-recap\">Tính năng nổi bật</div><div>- Máy chụp ảnh lấy liền sử dụng phim màu Instant</div>\r\n<div>- Kích thước ảnh: 2.4 x 3.9\"</div>\r\n<div>- Ống kính Close-up, tiêu cự 95mm, f/1.4</div>\r\n<div>- Tích hợp đèn flash điện tử tự động</div>\r\n<div>- Sử dụng 4 pin AA</div>\r\n<div>- Đi kèm adapter Close-Up Lens</div>\r\n<div>- Thiết kế trẻ trung, hiện đại</div>\r\n<div>- Dễ sử dụng, ảnh chụp chất lượng tốt</div>\r\n<div><br>\r\n</div>', 'Bình chọn'),
(55, 'Máy Ảnh Nikon D7200 kit AF-S 18-140 ED VR ', 24900000, '55.jpg', 2, 11, 0, 0, '2014-07-16', '<div class=\"product-title-recap\">Tính năng nổi bật</div><div>- <span style=\"color: #333399;\"><strong><a style=\"color: #333399;\" href=\"https://binhminhdigital.com/nikon-d7200may-anh-nikon-d7200-body.html\" target=\"_blank\" title=\"Máy ảnh Nikon D7200\">Máy ảnh Nikon D7200</a></strong></span></div>\r\n<div>- Bộ cảm biến CMOS &nbsp;24.2 megapixel</div>\r\n<div>- Bộ xử lý hình ảnh EXPEED 4&nbsp;</div>\r\n<div>- Cảm biến lấy nét tự động Multi-CAM 3500 II</div>\r\n<div>- Màn hình 3.2inch (1229K điểm ảnh)</div>\r\n<div>- 51 điểm lấy nét tự động</div>\r\n<div>- ISO100 - 25600</div>\r\n<div>- Tốc độ màn chập 30-1 / 8000giây</div>\r\n<div>- Tốc độ chụp 7 ảnh/ giây</div>\r\n<div>- Quay phim Full HD 1080/60p&nbsp;</div>\r\n<div>- Kết nối&nbsp;<span class=\"Apple-tab-span\" style=\"white-space: pre;\">	</span>Wi-Fi + NFC</div>\r\n<div>- Sử dụng Pin EN-EL15</div>\r\n<div>\r\n<div>- Kích thước bộ lọc ø67mm (chọn thêm)</div>\r\n<div>- Hood tương thích&nbsp; HB-32&nbsp; (chọn thêm)</div>\r\n</div>', 'Thái Lan'),
(56, 'Máy ảnh Nikon D750 kit AF-S 24-120 F/4 G ED VR', 47990000, '56.jpg', 1, 6, 0, 0, '2012-03-08', '<div class=\"product-title-recap\">Tính năng nổi bật</div><div>\r\n<div>-&nbsp;<span style=\"color: #333399;\"><strong><a href=\"https://binhminhdigital.com/nikon-d750.html\" target=\"_blank\" title=\"Máy ảnh Nikon D750\" style=\"color: #333399;\">Máy ảnh Nikon D750</a></strong></span></div>\r\n<div>- Bộ cảm biến CMOS Full frame &nbsp;24.3 megapixel</div>\r\n<div>- Bộ xử lý hình ảnh EXPEED 4&nbsp;</div>\r\n<div>- Cảm biến lấy nét tự động Multi-CAM 3500FX</div>\r\n<div>- Màn hình 3.2inch (1.229k điểm ảnh)</div>\r\n<div>- 51 điểm lấy nét tự động</div>\r\n<div>- ISO100 – 12800 &nbsp;(mở rộng 51200)</div>\r\n<div>- Tốc độ màn chập 1/4000 - 30 giây</div>\r\n<div>- Tốc độ chụp 6.5 ảnh/ giây</div>\r\n<div>- 2 khe thẻ nhớ</div>\r\n<div>- Quay phim Full HD 1080/60p&nbsp;</div>\r\n<div>- Tích hợp Wifi</div>\r\n<div>- Sử dụng Pin EN-EL15</div>\r\n</div>', 'Thái Lan'),
(57, 'Máy Ảnh Fujifilm X-E3 Body (Bạc)', 18990000, '57.jpg', 3, 16, 0, 0, '2016-10-23', '<div class=\"product-title-recap\">Tính năng nổi bật</div><div>- Cảm biến: 24M X-Trans CMOS III</div>\r\n<div>- Chip xử lý: X-Processor Pro</div>\r\n<div>- Tốc độ chụp ảnh: 8fps/14fps Burst Shooting</div>\r\n<div>- Màn hình: 3inch cảm ứng với 15 giả lập phim</div>\r\n<div>- ISO 100 -51200</div>\r\n<div>- Quay phim: 4K 30p 100Mbps</div>\r\n<div>- Ống ngắm EVF 2.36 triệu điểm ảnh</div>\r\n<div>- Kết nối: Wifi ,&nbsp; Bluetooth&nbsp;</div>\r\n<div>- Trọng lượng 337g</div>\r\n<div><br>\r\n</div>\r\n<div>\r\n<div><br>\r\n</div>\r\n</div>', 'Còn hàng'),
(58, 'Máy Ảnh Canon PowerShot G3 X', 17090000, '58.jpg', 1, 6, 0, 0, '2012-04-09', '<div class=\"product-title-recap\">Tính năng nổi bật</div><div>-&nbsp;<strong><a href=\"https://binhminhdigital.com/canon-powershot-g3-x.html\" target=\"_blank\" title=\"Máy Ảnh Canon PowerShot G3 X\">Máy Ảnh Canon PowerShot G3 X</a></strong></div>\r\n- Bộ cảm biến CMOS 20.2 megapixels<br>\r\n- Bộ xử lý hình ảnh Digic 6<br>\r\n- Màn hình 3.2 inch <br>\r\n- Độ dài tiêu cự 24-600 f/2.8-5.6<br>\r\n- Độ nhạy sáng ISO 125-6400 (mở rộng 12800)<br>\r\n- Tốc độ màn chập 1-15 / 2000 giây<br>\r\n- Tốc độ chụp 5.9 ảnh/giây <br>\r\n- Quay phim Full HD 24p/25p/30p/50p/60p<br>\r\n- Kết nối Wi-Fi, NFC\r\n<div>- Pin tương thích NB-10L<br>\r\n<div><em><strong>- <a href=\"https://binhminhdigital.com/phu-kien-may-anh-may-quay/\" target=\"_blank\">Phụ kiện máy ảnh đi kèm</a> : </strong>Pin, Sạc pin, Dây đeo, Cataloge, &nbsp;Phiếu bảo hành</em></div>\r\n<div><br>\r\n</div>\r\n</div>', 'Còn hàng'),
(59, 'Máy ảnh Fujifilm X-A5 Kit 15-45 mm F 3.5.5.6 OIS PZ (Nâu)', 13490000, '59.jpg', 1, 4, 0, 0, '2011-03-06', '<div class=\"product-title-recap\">Tính năng nổi bật</div><div>- Cảm biến 24,2 triệu điểm ảnh</div>\r\n<div>- Kích thước: 116,9 mm x 67,7 mm x 40,4 mm</div>\r\n<div>- Trọng lượng: 311 g body) · 361 g (kể cả pin và thẻ nhớ)</div>\r\n<div>- ISO: tiêu chuẩn ISO 200 - 12800, mở rộng ISO 100/25600/51200</div>\r\n<div>- Video: 4K 3840 x 2160&nbsp;</div>\r\n<div>- Màn hình LCD xoay lật 180 độ</div>\r\n<div>- Mở rộng phạm vi từ ± 3EV đến ± 5EV&nbsp;</div>', 'Còn hàng'),
(60, 'Máy ảnh Nikon Coolpix W300 (Vàng)', 8690000, '60.jpg', 1, 4, 0, 0, '2011-03-05', '<div class=\"product-title-recap\">Tính năng nổi bật</div>- Cảm biến: BSI-CMOS 1/2.3\" độ phân giải 16 MP<br>\r\n- Ống kính: Nikkor zoom quang học 5X, 4.3-21.5mm, khẩu độ f/2.8-4.9<br>\r\n- Màn hình: 3\" độ phân giải 921.000 điểm ảnh<br>\r\n- Tốc độ màn trập: 1/4.000 giây<br>\r\n- Chụp liên tiếp: tối đa 7 fps<br>\r\n- ISO: 125-6.400<br>\r\n- Quay phim: 4K/30p, 4K/25p, Full HD<br>\r\n- Đèn trợ sáng: flash xenon + LED<br>\r\n- Chống nước độ sâu 30 mét, chống sốc 2,4 mét, hoạt động ở nhiệt độ -10oC<br>\r\n- Kết nối: Wi-Fi, Bluetooth, GPS<br>\r\n- Giao tiếp: USB 2.0, HDMI<br>\r\n- Lưu trữ: 473 MB + thẻ nhớ SD<br>\r\n- Pin: EN-EL12 (chụp 280 tấm tiêu chuẩn CIPA)<br>\r\n- Kích thước: 112 x 66 x 29 mm<br>\r\n- Khối lượng: 231 g', 'Còn hàng'),
(61, 'Máy Ảnh Sony CyberShot DSC-WX500 (Trắng)', 6639000, '61.jpg', 2, 9, 0, 0, '2013-06-13', '<div class=\"product-title-recap\">Tính năng nổi bật</div><div>-&nbsp;<strong style=\"font-family: arial; font-size: 14px; text-align: justify;\"><a href=\"https://binhminhdigital.com/sony-cybershot-dscwx500.html\" target=\"_blank\" title=\"Máy ảnh Sony CyberShot DSC-WX500\">Máy ảnh Sony CyberShot DSC-WX500</a></strong></div>\r\n<div>- Cảm biến Exmor R® CMOS loại 1/2.3 (7,82mm)</div>\r\n<div>- Độ phân giải 18.2 megapixel</div>\r\n<div>- Bộ xử lý hình ảnh BIONZ X™</div>\r\n<div>- Ống kính zoom quang học 30x ZEISS® Vario-Sonnar T*</div>\r\n<div>- Tiêu cự 24-720mm</div>\r\n<div>- Màn hình 3.0inch &nbsp;lật 180 độ</div>\r\n<div>- Tốc độ màn trập 30 - 1/2000</div>\r\n<div>- Độ nhạy sáng ISO 80-12800</div>\r\n<div>- Quay phim full HD (1920 x 1080) 60p/50p</div>\r\n<div>- Kết nối NFC , Wi-Fi</div>\r\n<div>- Pin tương thích NP-BX1\r\n<div><strong>-&nbsp;</strong><strong><a href=\"https://binhminhdigital.com/phu-kien-may-anh-may-quay/\" target=\"_blank\" title=\"Phụ kiện máy ảnh\">Phụ kiện máy ảnh</a>&nbsp;đi kèm</strong><strong>:</strong>&nbsp;<em>Pin, Adapter , Dây đeo, cáp USB, Cataloge</em></div>\r\n<div></div>\r\n</div>', 'Trung Quốc'),
(62, 'Máy Ảnh Fujifilm X-E3 Body (Bạc)', 18990000, '62.jpg', 3, 13, 0, 0, '2015-08-19', '<div class=\"product-title-recap\">Tính năng nổi bật</div><div>- Cảm biến: 24M X-Trans CMOS III</div>\r\n<div>- Chip xử lý: X-Processor Pro</div>\r\n<div>- Tốc độ chụp ảnh: 8fps/14fps Burst Shooting</div>\r\n<div>- Màn hình: 3inch cảm ứng với 15 giả lập phim</div>\r\n<div>- ISO 100 -51200</div>\r\n<div>- Quay phim: 4K 30p 100Mbps</div>\r\n<div>- Ống ngắm EVF 2.36 triệu điểm ảnh</div>\r\n<div>- Kết nối: Wifi ,&nbsp; Bluetooth&nbsp;</div>\r\n<div>- Trọng lượng 337g</div>\r\n<div><br>\r\n</div>\r\n<div>\r\n<div><br>\r\n</div>\r\n</div>', 'Còn hàng'),
(63, 'Máy Ảnh Canon EOS 800D kit EF S18-55 IS STM (Hàng nhập khẩu)', 16990000, '63.jpg', 1, 3, 0, 0, '2011-02-04', '<div class=\"product-title-recap\">Tính năng nổi bật</div><span style=\"font-size: 14px; font-family: arial;\">Cảm biến: CMOS APS-C 24MP<br style=\"box-sizing: border-box; outline: none medium; color: #444444; font-size: 12px; font-style: normal; font-variant-ligatures: normal; font-weight: normal; letter-spacing: normal; line-height: 20px; text-align: justify; text-indent: 0px; text-transform: none; white-space: normal; word-spacing: 0px; -webkit-text-stroke-width: 0px; background-color: #ffffff;\">\r\nChip xử lý: DIGIC 7<br style=\"box-sizing: border-box; outline: none medium; color: #444444; font-size: 12px; font-style: normal; font-variant-ligatures: normal; font-weight: normal; letter-spacing: normal; line-height: 20px; text-align: justify; text-indent: 0px; text-transform: none; white-space: normal; word-spacing: 0px; -webkit-text-stroke-width: 0px; background-color: #ffffff;\">\r\nLấy nét AF: 45 điểm cross-type<br style=\"box-sizing: border-box; outline: none medium; color: #444444; font-size: 12px; font-style: normal; font-variant-ligatures: normal; font-weight: normal; letter-spacing: normal; line-height: 20px; text-align: justify; text-indent: 0px; text-transform: none; white-space: normal; word-spacing: 0px; -webkit-text-stroke-width: 0px; background-color: #ffffff;\">\r\nCông nghệ lấy nét Dual Pixel<br style=\"box-sizing: border-box; outline: none medium; color: #444444; font-size: 12px; font-style: normal; font-variant-ligatures: normal; font-weight: normal; letter-spacing: normal; line-height: 20px; text-align: justify; text-indent: 0px; text-transform: none; white-space: normal; word-spacing: 0px; -webkit-text-stroke-width: 0px; background-color: #ffffff;\">\r\nTốc độ chụp liên tục: 6 ảnh/giây<br style=\"box-sizing: border-box; outline: none medium; color: #444444; font-size: 12px; font-style: normal; font-variant-ligatures: normal; font-weight: normal; letter-spacing: normal; line-height: 20px; text-align: justify; text-indent: 0px; text-transform: none; white-space: normal; word-spacing: 0px; -webkit-text-stroke-width: 0px; background-color: #ffffff;\">\r\nTốc độ màn trập: 30s-1/4000s<br style=\"box-sizing: border-box; outline: none medium; color: #444444; font-size: 12px; font-style: normal; font-variant-ligatures: normal; font-weight: normal; letter-spacing: normal; line-height: 20px; text-align: justify; text-indent: 0px; text-transform: none; white-space: normal; word-spacing: 0px; -webkit-text-stroke-width: 0px; background-color: #ffffff;\">\r\nỐng ngắm quan học OVF bao phủ 95%, phóng đại 0.82X<br style=\"box-sizing: border-box; outline: none medium; color: #444444; font-size: 12px; font-style: normal; font-variant-ligatures: normal; font-weight: normal; letter-spacing: normal; line-height: 20px; text-align: justify; text-indent: 0px; text-transform: none; white-space: normal; word-spacing: 0px; -webkit-text-stroke-width: 0px; background-color: #ffffff;\">\r\nMàn hình LCD cảm ứng xoay lật đa chiều 3 inch<br style=\"box-sizing: border-box; outline: none medium; color: #444444; font-size: 12px; font-style: normal; font-variant-ligatures: normal; font-weight: normal; letter-spacing: normal; line-height: 20px; text-align: justify; text-indent: 0px; text-transform: none; white-space: normal; word-spacing: 0px; -webkit-text-stroke-width: 0px; background-color: #ffffff;\">\r\nQuay phim: Full HD 60p (tính năng HDR)<br style=\"box-sizing: border-box; outline: none medium; color: #444444; font-size: 12px; font-style: normal; font-variant-ligatures: normal; font-weight: normal; letter-spacing: normal; line-height: 20px; text-align: justify; text-indent: 0px; text-transform: none; white-space: normal; word-spacing: 0px; -webkit-text-stroke-width: 0px; background-color: #ffffff;\">\r\nThẻ nhớ: SD/SDHC/SDXC (chuẩn UHS-I)<br style=\"box-sizing: border-box; outline: none medium; color: #444444; font-size: 12px; font-style: normal; font-variant-ligatures: normal; font-weight: normal; letter-spacing: normal; line-height: 20px; text-align: justify; text-indent: 0px; text-transform: none; white-space: normal; word-spacing: 0px; -webkit-text-stroke-width: 0px; background-color: #ffffff;\">\r\nPin: LP-E17 (600 tấm)<br style=\"box-sizing: border-box; outline: none medium; color: #444444; font-size: 12px; font-style: normal; font-variant-ligatures: normal; font-weight: normal; letter-spacing: normal; line-height: 20px; text-align: justify; text-indent: 0px; text-transform: none; white-space: normal; word-spacing: 0px; -webkit-text-stroke-width: 0px; background-color: #ffffff;\">\r\nKết nối: Wi-fi, NFC, mini HDMI, USB<br style=\"box-sizing: border-box; outline: none medium; color: #444444; font-size: 12px; font-style: normal; font-variant-ligatures: normal; font-weight: normal; letter-spacing: normal; line-height: 20px; text-align: justify; text-indent: 0px; text-transform: none; white-space: normal; word-spacing: 0px; -webkit-text-stroke-width: 0px; background-color: #ffffff;\">\r\n</span>', 'Còn hàng'),
(64, 'Máy Ảnh Sony Alpha A6000 (ILCE-6000L) kit SEL16-50 F3.5-5.6 OSS + SEL55-210 F4.5-6.3 OSS (đen)', 18590000, '64.jpg', 3, 17, 0, 0, '2016-10-23', '<div class=\"product-title-recap\">Tính năng nổi bật</div><div>-&nbsp;<strong><a href=\"https://binhminhdigital.com/sony-alpha-a6000-1650-oss-f3556-lens-kit-den.html\" target=\"_blank\" title=\"Máy Ảnh Sony Alpha A6000\">Máy Ảnh Sony Alpha A6000</a></strong></div>\r\n- Cảm biến Exmor™ APS HD CMOS 24.3MP có bộ xử lý BIONZ X™<br>\r\n- Độ phân giải 24.3 MP<br>\r\n- Lấy nét tự động Fast Hybrid<br>\r\n- Khung ngắm điện tử 1,0 cm<br>\r\n- Màn hình 3 inch<br>\r\n- ISO 100-25600<br>\r\n- Tốc độ chụp 11 ảnh / giây<br>\r\n- Chia sẻ và kiểm soát đơn giản cùng Wi-Fi® và NFC một chạm\r\n<div><br>\r\n</div>', 'Còn hàng'),
(65, 'Máy Ảnh Nikon D5500 Body ', 13190000, '65.jpg', 3, 15, 0, 0, '2016-09-21', '<div class=\"product-title-recap\">Tính năng nổi bật</div><div>- <span style=\"color: #333399;\"><strong><a style=\"color: #333399;\" href=\"https://binhminhdigital.com/nikon-d5500.html\" target=\"_blank\" title=\"Máy ảnh Nikon D5500\">Máy ảnh Nikon D5500</a></strong></span>\r\n</div>\r\n<div>- Bộ cảm biến CMOS &nbsp;24.2 megapixel</div>\r\n<div>- Bộ xử lý hình ảnh EXPEED 4</div>\r\n<div>- Màn hình 3.2inch cảm ứng xoay lật 180 độ</div>\r\n<div>- 39 điểm lấy nét tự động</div>\r\n<div>- ISO100 - 25600</div>\r\n<div>- Tốc độ màn chập 30 - 1/4000giây</div>\r\n<div>- Tốc độ chụp 5 ảnh/ giây</div>\r\n<div>- Quay phim Full HD 1920x1080 / 60 fps</div>\r\n<div>- Tích hợp Wi-Fi, NFC, (GPS chọn thêm)</div>\r\n<div>- Sử dụng Pin EN-EL14</div>', 'Thái Lan'),
(66, 'Máy ảnh Nikon D500 Body ', 37800000, '66.jpg', 2, 8, 0, 0, '2013-05-11', '<div class=\"product-title-recap\">Tính năng nổi bật</div><div>- <span style=\"color: #333399;\"><strong><a style=\"color: #333399;\" href=\"https://binhminhdigital.com/nikon-d500-body.html\" target=\"_blank\" title=\"Máy ảnh Nikon D500\">Máy ảnh Nikon D500</a></strong></span></div>\r\n- Cảm biến hình ảnh mới EXPEED 5 với độ phân giải 20.9MP <br>\r\n- Màn hình cảm ứng LCD 3.2 \"2,539k-Dot Nghiêng <br>\r\n- Quay Video4K UHD ở 30 fps<br>\r\n- Multi-CAM 20K 153-Point Hệ thống AF<br>\r\n- ISO 51200, ISO mở rộng tới 1.640.000<br>\r\n- 10 fps chụp cho đến 200 Frames<br>\r\n- Kết nối Wi-Fi, Bluetooth và NFC\r\n<div>-&nbsp;Pin tương thích EN-EL15</div>', 'Thái Lan'),
(67, 'Máy Ảnh Sony Alpha A6300 (ILCE-6300L) KIT 16-50 F3.5-5.6 OSS (Bạc)', 20490000, '67.jpg', 1, 1, 0, 0, '2010-01-01', '<div class=\"product-title-recap\">Tính năng nổi bật</div><div>\r\n<div>\r\n<div>-&nbsp;<strong><a href=\"https://binhminhdigital.com/sony-alpha-a6300-ilce6300l-kit-1650-f3556-oss-den.html\" target=\"_blank\" title=\"Máy Ảnh Sony Alpha A6300\">Máy Ảnh Sony Alpha A6300</a></strong></div>\r\n- Cảm biến cải tiến mới APS-C HD CMOS 24.2 MegaPixels<br>\r\n- Màn hình lật 3.0 inch&nbsp;<br>\r\n- Độ nhạy sáng cao ISO 100 - 25600<br>\r\n- Chụp liên tiếp 11ảnh/ giây<br>\r\n- 169 điểm lấy nét tự động theo tương phản + 425 điểm lấy nét theo pha<br>\r\n- Hệ thống đo sáng thông minh DRO<br>\r\n- Quay phim chuẩn 4K<br>\r\n- Tích hợp wifi và NFC</div>\r\n</div>\r\n<div><strong><em><br>\r\n</em></strong></div>', 'Thái Lan'),
(68, 'Máy Ảnh Pentax DSLR K-70 Body', 17390000, '68.jpg', 1, 6, 0, 0, '2012-03-08', '<div class=\"product-title-recap\">Tính năng nổi bật</div><div>- Cảm biến CMOS APS-C 24.24MP</div>\r\n<div>- Bộ xử lý hình ảnh Prime MII</div>\r\n<div>- Màn hình LCD 3\" 921K-Dot</div>\r\n<div>- Quay phim Full HD 1080i 60 fps</div>\r\n<div>- ISO 100-204800</div>\r\n<div>- Tốc độ chụp liên tiếp 6fps</div>\r\n<div>- Tích hợp Wifi, tương thích với O-GPS1</div>\r\n<div>- Hệ thống chống rung</div>\r\n<div>- Cấu trúc kháng cự thời tiết</div>', 'Bình chọn'),
(69, 'Máy Ảnh Fujifilm X-E3 + Kit 23mm f/2 R WR (Đen)', 27690000, '69.jpg', 3, 19, 0, 0, '2017-11-27', '<div class=\"product-title-recap\">Tính năng nổi bật</div><div>- Cảm biến 24.3MP APS-C X-Trans CMOS III</div>\r\n<div>- Bộ xử lý hình ảnh X-Processor Pro</div>\r\n<div>- Màn hình cảm ứng TFT LCD 3\" 1.04 triệu điểm ảnh</div>\r\n<div>- Ống ngắm điện tử OLED kích thước 0.77\" 2,36MP</div>\r\n<div>- ISO 51200, tốc độ chụp 8fps</div>\r\n<div>- Khả năng quay video 4K UHD</div>\r\n<div>- Khả năng kết nối wifi</div>\r\n<div>- Hệ thống lấy nét AF 325 điểm</div>\r\n<div>- Body kháng nước, bụi bẩn</div>\r\n<div>- Tương thích thẻ nhớ SD, SHHC, SDXC, UHS-II</div>\r\n<div><br>\r\n</div>', 'Bình chọn'),
(70, 'Máy Ảnh Sony Alpha A6300 (ILCE-6300L) KIT SEL16-50 F3.5-5.6 OSS + SEL55-210 F4.5-6.3 OSS (Đen)', 26290000, '70.jpg', 2, 11, 0, 0, '2014-07-15', '<div class=\"product-title-recap\">Tính năng nổi bật</div><div>-&nbsp;<strong><a href=\"https://binhminhdigital.com/sony-alpha-a6300-ilce6300l-kit-1650-f3556-oss-den.html\" target=\"_blank\" title=\"Máy Ảnh Sony Alpha A6300\">Máy Ảnh Sony Alpha A6300</a></strong><br>\r\n- Cảm biến cải tiến mới APS-C HD CMOS 24.2 MegaPixels<br>\r\n- Màn hình lật 3.0 inch&nbsp;<br>\r\n- Độ nhạy sáng cao ISO 100 - 25600<br>\r\n- Chụp liên tiếp 11ảnh/ giây<br>\r\n- 169 điểm lấy nét tự động theo tương phản + 425 điểm lấy nét theo pha<br>\r\n- Hệ thống đo sáng thông minh DRO<br>\r\n- Quay phim chuẩn 4K<br>\r\n- Tích hợp wifi và NFC</div>\r\n<div>&nbsp;</div>\r\n<div><br>\r\n<div>&nbsp;</div>\r\n</div>', 'Thái Lan'),
(71, 'Máy Ảnh Canon EOS M50 Kit 15-45mm (ĐEN)', 19000000, '71.jpg', 1, 4, 0, 0, '2011-02-05', '<div class=\"product-title-recap\">Tính năng nổi bật</div><div>- Cảm biến APS - C CMOS 24.1MP</div>\r\n<div>- Chip xử lý ảnh DIGIC 8</div>\r\n<div>- Số điểm lấy nét tối đa 143 đối với lens tương thích, lens dùng ngàm chuyển 99 điểm</div>\r\n<div>- Video 4K 25p Full HD 1080 60p, HD 720 120p</div>\r\n<div>- Trích xuất hình ảnh từ video phim 4K</div>\r\n<div>- Chống rung điện tử 5 trục kết hợp với chúng rung IS</div>\r\n<div>- ISO: 100-25600 mở rộng ISO 51200</div>\r\n<div>- Chụp liên tục lên đến 10fps</div>\r\n<div>- Màn hình cảm ứng 3\" 104 triệu điểm ảnh</div>\r\n<div>- Tích hợp wifi, bluetooth, NFC</div>\r\n<div>- Hỗ trợ định dạng RAW CR3 thế hệ tiếp theo và định dạng nén C-RAW mới</div>\r\n<div>- Định dạng C-RAW có kích thước tệp nhỏ hơn 40% so với RAW thông thường</div>', 'Bình chọn'),
(72, 'Máy Ảnh Olympus PEN E-PL8 Kit 14-42mm f/3.5-5.6 EZ (Nâu)', 14090000, '72.jpg', 3, 15, 0, 0, '2016-09-22', '<div class=\"product-title-recap\">Tính năng nổi bật</div><div><a href=\"https://binhminhdigital.com/olympus-pen-epl8.html\">Máy Ảnh Olympus PEN E-PL8 Kit 14-42mm</a></div>\r\n<div>Loại máy ảnh: không gương lật thay đổi ống kính</div>\r\n<div>Cảm biến: Live MOS (CMOS) 16,1 MP, kích thước 4/3”,</div>\r\n<div>Hệ thống chống rung 3 trục trên cảm biến</div>\r\n<div>Chip xử lý: TruePic VII</div>\r\n<div>Màn hình: 3” , lật 80 độ (lên) và 180 độ (xuống)</div>\r\n<div>Tốc độ màn trập: 1/4.000 giây</div>\r\n<div>Chụp liên tiếp: 3,5 - 8,5 khung hình / giây, tối đa 20 fps (RAW)</div>\r\n<div>ISO: 200 - 1.600, mở rộng 25.600</div>\r\n<div>Lấy nét: tương phản, 81 điểm</div>\r\n<div>Quay phim: Full HD 30 fps (MOV), HD 720p @ 30 fps</div>\r\n<div>Kết nối: Wi-Fi</div>\r\n<div>Giao tiếp: USB 2.0, A/V out, HDMI</div>\r\n<div>Thẻ nhớ: SDHC/SDXC UHS-I</div>\r\n<div>Kích thước: 117,1 x 68,3 x 38,4 mm</div>\r\n<div>Trọng lượng: 326 g (chỉ thân máy)</div>', 'Còn hàng'),
(73, 'Máy ảnh Sony A7M2K Kit 28-70mm (ILCE-7M2K) + FE 50mm f/1.8F', 40520000, '73.jpg', 1, 4, 0, 0, '2011-03-06', '<div class=\"product-title-recap\">Tính năng nổi bật</div><div>- Bộ cảm biến Exmor CMOS 24.3-megapixel full-frame</div>\r\n<div>- Khung ngắm điện tử&nbsp;</div>\r\n<div>- Màn hình 3.0inch&nbsp;</div>\r\n<div>- Ổn định hình ảnh 5 trục</div>\r\n<div>- Full frame 35mm: 117 điểm</div>\r\n<div>- ISO 50-25600&nbsp; (mở rộng 51200)</div>\r\n<div>- Tốc độ màn chập 1/8000 đến 30 giây</div>\r\n<div>- Tốc độ chụp 5.0 ảnh/ giây</div>\r\n<div>- Quay phim Full HD 1920 x 1080/60p 50Mbps</div>\r\n<div>- Tích hợp Wifi, NFC</div>\r\n<div>- Sử dụng Pin NP-FW50</div>', 'Bình chọn'),
(74, 'Máy Ảnh Olympus PEN F Body (Đen)', 28000000, '74.jpg', 3, 18, 0, 0, '2017-11-25', '<div class=\"product-title-recap\">Tính năng nổi bật</div><div>-&nbsp;<strong style=\"font-family: arial; font-size: 14px;\"><a href=\"https://binhminhdigital.com/may-anh-olympus-pen-f-body-bac.html\" target=\"_blank\" title=\"Máy ảnh Olympus PEN-F\">Máy ảnh Olympus PEN-F</a></strong></div>\r\n<div>- Cảm biến 20 Megapixels</div>\r\n<div>- Chụp ảnh ở độ phân giải cực cao 50 Megapixels&nbsp;</div>\r\n<div>- Quay phim Full-HD 1920x1080 với khả năng ghi lên tới 60 hình/s</div>\r\n<div>- Quay Timelapse Video độ phân giải lên đến 4K</div>\r\n<div>- Màn trập cực nhanh 1/16000s và 1/250s flash sync</div>\r\n<div>- Kính ngắm điện tử độ phân giải cao 2.36 Megapixels</div>\r\n<div>- Dải ISO rộng 100-25,600</div>\r\n<div>- Màn hình cảm ứng sắc nét 3\"(1.04 triệu điểm ảnh</div>\r\n<div>- Tích hợp HDMI, USB 2.0, Wif</div>\r\n<div>- Thời lượng pin: 330 hình</div>\r\n<div>- Trọng lượng (gồm pin): 427 gram</div>\r\n<div>- Chụp liên tục tốc độ cao 20 ảnh/s với màn trập điện tử</div>\r\n<div>- 10 ảnh/s với màn trập cơ khí&nbsp;</div>\r\n<div><br>\r\n</div>\r\n<div><br>\r\n</div>', 'Bình chọn'),
(75, 'Máy ảnh Fujifilm Instax Mini 90 Neo Classic (Đen)', 3950000, '75.jpg', 1, 3, 0, 0, '2011-02-04', '<div class=\"product-title-recap\">Tính năng nổi bật</div><div>- Kích thước máy: 11.3 x 9.2 x 5.7 cm (W x H x D)</div>\r\n<div>-Trọng lượng: 296g</div>\r\n<div>- Tốc độ chụp: 1/8 - 1/400sec</div>\r\n<div>- Phơi sáng 10sec</div>\r\n<div>- Ống kính Fujinon</div>\r\n<div>- Chế độ flash tự động</div>\r\n<div>- Phạm vi hiệu quả hiệu quả 0.6-3m/ 3m- ∞</div>\r\n<div>- Màn hình LCD: hiển thị chi tiết của chế độ chụp ảnh.</div>\r\n<div>- Pin NP-45</div>\r\n<div>- Bộ sạc BC-45C</div>\r\n<div><br>\r\n</div>', 'Còn hàng'),
(76, 'Máy ảnh Olympus E-M5 Mark II Body (Bạc)', 23500000, '76.jpg', 2, 12, 0, 0, '2014-07-16', '<div class=\"product-title-recap\">Tính năng nổi bật</div>-&nbsp;<strong style=\"font-family: arial; font-size: 14px; text-align: justify;\"><a href=\"http://binhminhdigital.com/olympus-em5-mark-ii-body-bac.html\" target=\"_blank\">Olympus E-M5 Mark II</a></strong><br>\r\n<div>- Cảm biến Live MOS Four Thirds 4/3 16 Megapixels</div>\r\n<div>- Chip xử lý ảnh: TruePic VII</div>\r\n<div>- Hệ thống chống rung 5 trục</div>\r\n<div>- Kính ngắm điện tử&nbsp;</div>\r\n<div>- Màn hình cảm ứng 3 inch xoay lật</div>\r\n<div>- Thân máy làm từ hợp kim nhôm, chịu đựng thời tiết khắc nghiệt</div>\r\n<div>- Dải ISO rộng 100-25600</div>\r\n<div>- Hệ thống lấy nét tương phản 81 điểm</div>\r\n<div>- Tốc độ màn trập &nbsp;1/16000s</div>\r\n<div>- Tốc độ chụp liên tiếp 10 hình/s (ghi tối đa 16 hình liên tiếp)</div>\r\n<div>- Quay phim Full HD 1920x1080 (30fps)</div>\r\n<div>- Tích hợp Wifi, HDMI, USB 2.0</div>\r\n<div>- Thời lượng pin: 310 hình</div>\r\n<div><br>\r\n</div>\r\n<div><br>\r\n</div>', 'Việt Nam'),
(77, 'MÁY ẢNH NIKON D5600 KIT AF-S 18-140 VR', 20090000, '77.jpg', 3, 18, 0, 0, '2017-10-25', '<div class=\"product-title-recap\">Tính năng nổi bật</div><div>- Cảm biến: CMOS APS-C 25 MP, hiệu dụng : 24 MP</div>\r\n<div>- Chip xử lý ảnh: Nikon EXPEED 4</div>\r\n<div>- ISO: Auto, 100 - 25.600</div>\r\n<div>- Tốc độ màn trập: 1/4000 - 30 giây</div>\r\n<div>- Hệ thống lấy nét: AF 39 điểm, có tracking hỗ trợ quay phim</div>\r\n<div>- Viewfinder: quang học, độ bao phủ 95%, độ phóng đại 0,82x</div>\r\n<div>- Màn hình: LCD TFT cảm ứng 3.2-inch, 1.037.000 pixel</div>\r\n<div>- Quay phim: 1080p@60fps, 720p@60fps, quay Timelapse</div>\r\n<div>- Kết nối: USB 2.0, Bluetooth 4.1 LE, Wi-Fi 801.11b/g/n, mini-HDMI</div>\r\n<div>- Cân nặng: 465g kèm pin</div>\r\n<div>- Pin tương thích EN-EL14</div>\r\n<div>\r\n<div>- Kích thước bộ lọc ø67mm (chọn thêm)</div>\r\n<div>- Hood tương thích&nbsp; HB-32&nbsp; (chọn thêm)</div>\r\n</div>', 'Còn hàng'),
(78, 'Máy Ảnh Sony Alpha A7r Mark II (ILCE-7rM2) Body', 51490000, '78.jpg', 1, 7, 0, 0, '2012-04-09', '<div class=\"product-title-recap\">Tính năng nổi bật</div><div>\r\n<div>\r\n<div><span style=\"font-size: 18px;\">-&nbsp;<strong><a href=\"https://binhminhdigital.com/sony-alpha-a7r-mark-ii-body.html\" target=\"_blank\" title=\"Máy Ảnh Sony Alpha A7R\">Máy Ảnh Sony Alpha A7R Mark II</a></strong></span></div>\r\n<div>- Bộ cảm biến FullFrame Back-illuminated CMOS 42.4 MP</div>\r\n<div>- Chống rung 5 trục trong thân máy</div>\r\n<div>- Màn hình lật 3.0” Clear Photo LCD</div>\r\n<div>- Độ nhạy sáng cao ISO 100 - 102,400</div>\r\n<div>- Chụp liên tục (Burst) 5 tấm/giây&nbsp;</div>\r\n<div>- Hệ thống lấy nét Fast Hybrid AF cực nhanh với 399 điểm lấy nét theo Pha, nhanh hơn 40% so với A7r</div>\r\n<div>- Tốc độ màn trập 1/8000 - 30s, tốc độ ăn đèn 1/250s</div>\r\n<div>- Kính ngắm XGA OLED phủ lớp coat Zeiss T* hiển thị thời gian thực, bao phủ 100% góc nhìn</div>\r\n<div>- Hệ thống đo sáng thông minh DRO</div>\r\n<div>- Quay phim chuẩn 4K không cần thiết bị ngoại vi</div>\r\n<div>- Đa dạng màu sắc với chức năng Picture Effect</div>\r\n<div>- Pin Stamina có thời lượng sử dụng cao (khoảng 400 tấm)</div>\r\n<div>- Sử dụng thẻ MS và SD</div>\r\n</div>\r\n</div>\r\n<div><br>\r\n</div>', 'Còn hàng'),
(79, 'Máy Ảnh Nikon D610 Body + Ống kính AF-S 24-120 F4 G ED VR (Hàng nhập khẩu)', 38000000, '79.jpg', 1, 6, 0, 0, '2012-04-08', '<div class=\"product-title-recap\">Tính năng nổi bật</div><div>- Bộ cảm biến CMOS Full frame&nbsp; 24.3 megapixel</div>\r\n<div>- Bộ xử lý hình ảnh EXPEED 3&nbsp;</div>\r\n<div>- Cảm biến lấy nét tự động Multi-CAM 4800</div>\r\n<div>- Màn hình 3.2inch (921K điểm ảnh)</div>\r\n<div>- 39 điểm lấy nét tự động</div>\r\n<div>- ISO100 – 6400&nbsp; (mở rộng 25600)</div>\r\n<div>- Tốc độ màn chập 1/4000 - 30 giây</div>\r\n<div>- Tốc độ chụp 6 ảnh/ giây</div>\r\n<div>- 2 khe thẻ nhớ</div>\r\n<div>- Quay phim Full HD 1080/30p&nbsp;</div>\r\n<div>- Sử dụng Pin EN-EL15</div>', 'Còn hàng'),
(80, 'Máy ảnh Nikon D7200 Body + Sigma 17-50 F2.8 (Hàng nhập khẩu)', 23590000, '80.jpg', 2, 8, 0, 0, '2013-05-11', '<div class=\"product-title-recap\">Tính năng nổi bật</div><div>- Bộ cảm biến CMOS &nbsp;24.2 megapixel</div>\r\n<div>- Bộ xử lý hình ảnh EXPEED 4&nbsp;</div>\r\n<div>- Cảm biến lấy nét tự động Multi-CAM 3500 II</div>\r\n<div>- Màn hình 3.2inch (1229K điểm ảnh)</div>\r\n<div>- 51 điểm lấy nét tự động</div>\r\n<div>- ISO100 - 25600</div>\r\n<div>- Tốc độ màn chập 30-1 / 8000giây</div>\r\n<div>- Tốc độ chụp 7 ảnh/ giây</div>\r\n<div>- Quay phim Full HD 1080/60p&nbsp;</div>\r\n<div>- Kết nối <span style=\"white-space: pre;\">	</span>Wi-Fi + NFC</div>\r\n<div>- Sử dụng Pin EN-EL15</div>\r\n<div>- Kích thước bộ lọc ø77mm</div>', 'Bình chọn'),
(81, 'Máy ảnh Sony A7R Mark III (ILCE-7RM3) Body', 72990000, '81.jpg', 2, 8, 0, 0, '2013-05-12', '<div class=\"product-title-recap\">Tính năng nổi bật</div><div>\r\n<div style=\"text-align: center;\"><span style=\"font-size: 14px; font-family: arial;\">\r\n<h1 style=\"text-align: left;\"><span style=\"font-size: 18px;\"><a href=\"https://binhminhdigital.com/sony-a7-mark-iii.html\">Máy ảnh Sony A7R Mark III</a></span></h1>\r\n</span></div>\r\n</div>\r\n<div>- Bộ cảm biến FullFrame Back-illuminated CMOS 42.4 MP</div>\r\n<div>- Chip BIONZ X xử lý nhanh và mạnh hơn 1,8 lần</div>\r\n<div>- Bộ đệm hình ảnh cho phép lưu liên tục&nbsp;<span style=\"font-size: 14px; text-align: justify; font-family: arial;\">76 ảnh JPEG hoặc 28 ảnh RAW</span></div>\r\n<div>- Chống rung 5 trục trong thân máy</div>\r\n<div>- Màn hình LCD cảm ứng lật 3.0” có tính năng chạm lấy nét trực tiếp</div>\r\n<div>- Độ nhạy sáng cao ISO 100 - 32.000 (mở rộng lên 102.000)</div>\r\n<div>- Chụp liên tục 10 tấm/giây khi khóa nét bằng EVF và 8 ảnh/giây ở Live View</div>\r\n<div>- Hệ thống lấy nét Fast Hybrid AF&nbsp; 399 điểm lấy nét theo Pha, 425 điểm theo tương phản, nhanh hơn gấp 2 lần</div>\r\n<div>- Tốc độ màn trập 1/8000 - 30s</div>\r\n<div>- Tốc độ ăn đèn 1/250s</div>\r\n<div>- Kính ngắm XGA OLED phủ lớp coat Zeiss T* hiển thị thời gian thực, bao phủ 100% góc nhìn</div>\r\n<div>- Hệ thống đo sáng thông minh DRO</div>\r\n<div>- Quay phim chuẩn 4K không cần thiết bị ngoại vi</div>\r\n<div>- Thêm chế độ&nbsp;<span style=\"background-color: #f8f8f8; font-size: 14px; font-family: arial; color: #141414;\">Hybrid Log-Gamma cho phép quay phim HDR</span></div>\r\n<div>- Đa dạng màu sắc với chức năng Picture Effect</div>\r\n<div>- Pin Z giống A9 có thời lượng sử dụng cao (hơn 400 tấm ảnh)</div>\r\n<div>- 2 khe thẻ nhớ, trong đó có 1 khe chuẩn UHS - II</div>\r\n<div>- Pin tương thích NP-FZ100</div>\r\n<div><br>\r\n</div>\r\n<div><br>\r\n</div>', 'Còn hàng'),
(82, 'Máy Ảnh Canon PowerShot G9 X Mark II (Bạc)', 11290000, '82.jpg', 2, 12, 0, 0, '2014-07-17', '<div class=\"product-title-recap\">Tính năng nổi bật</div><div>- Bộ cảm biến CMOS 20.1 megapixels loại 1.0 inch</div>\r\n<div>- Bộ xử lý hình ảnh Digic 7</div>\r\n<div>- Màn hình 3.0 inch cảm ứng</div>\r\n<div>- Độ dài tiêu cự 28-84mm f/2.0-4.9</div>\r\n<div>- Độ nhạy sáng ISO 125-12800</div>\r\n<div>- Tốc độ màn chập 1-30 / 2000 giây</div>\r\n<div>- Tốc độ chụp 8.1 ảnh/giây&nbsp;</div>\r\n<div>- Quay phim Full HD 1920 x 1080 / 1280 x 720 / 640 x 480</div>\r\n<div>- Vòng Điều khiển, Sạc bằng USB</div>\r\n<div>- Kết nối Wi-Fi / NFC/ Bluetooth</div>\r\n<div>- Pin tương thích NB-13L</div>\r\n<div>- Trọng lượng 206g</div>\r\n<div><strong>- <a href=\"https://binhminhdigital.com/phu-kien-may-anh-may-quay/\" target=\"_blank\">Phụ kiện máy ảnh đi kèm</a>:</strong> <em>Pin, Sạc pin, Dây đeo, Cataloge, Phiếu bảo hành</em></div>\r\n<div><br>\r\n</div>', 'Còn hàng'),
(83, 'Máy ảnh Nikon D750 kit AF-S 24-120 F/4 G ED VR (Hàng nhập khẩu)', 43600000, '83.jpg', 3, 17, 0, 0, '2016-10-24', '<div class=\"product-title-recap\">Tính năng nổi bật</div><div>\r\n<div>-&nbsp;<span style=\"color: #333399;\"><strong><a href=\"https://binhminhdigital.com/nikon-d750.html\" target=\"_blank\" title=\"Máy ảnh Nikon D750\" style=\"color: #333399;\">Máy ảnh Nikon D750</a></strong></span></div>\r\n<div>- Bộ cảm biến CMOS Full frame &nbsp;24.3 megapixel</div>\r\n<div>- Bộ xử lý hình ảnh EXPEED 4&nbsp;</div>\r\n<div>- Cảm biến lấy nét tự động Multi-CAM 3500FX</div>\r\n<div>- Màn hình 3.2inch (1.229k điểm ảnh)</div>\r\n<div>- 51 điểm lấy nét tự động</div>\r\n<div>- ISO100 – 12800 &nbsp;(mở rộng 51200)</div>\r\n<div>- Tốc độ màn chập 1/4000 - 30 giây</div>\r\n<div>- Tốc độ chụp 6.5 ảnh/ giây</div>\r\n<div>- 2 khe thẻ nhớ</div>\r\n<div>- Quay phim Full HD 1080/60p&nbsp;</div>\r\n<div>- Tích hợp Wifi</div>\r\n<div>- Sử dụng Pin EN-EL15</div>\r\n</div>', 'Thái Lan'),
(84, 'Máy ảnh Nikon Coolpix A900 (Đen)', 9200000, '84.jpg', 2, 11, 0, 0, '2014-07-15', '<div class=\"product-title-recap\">Tính năng nổi bật</div><div></div>\r\n<div>-&nbsp;<strong><a href=\"https://binhminhdigital.com/nikon-coolpix-a900.html\" target=\"_blank\" title=\"Máy ảnh Nikon Coolpix A900\">Máy ảnh Nikon Coolpix A900</a></strong></div>\r\n- Cảm biến BSI CMOS 20-megapixel,\r\n<div>- Cảm biến hình ảnh CMOS loại 1/2,3 inch<br>\r\n- Zoom quang học 35x,<br>\r\n- Màn hình nghiêng 3-inch,920000 màu<br>\r\n- Quay phim 4K với tốc độ lên tới 30 fps.<br>\r\n- Hỗ chợ chụp ảnh raw<br>\r\n- Độ mở ống kính tối đa f/3,4 đến 6,9<br>\r\n- Tốc độ cửa trập 1/2000 đến 1 giây, 1/2000 đến 8 giây<br>\r\n- Kết nối micro usb, micro HDMI, Wifi<br>\r\n- Pin tương thích EN-EL12<br>\r\n<div><strong>- <a href=\"https://binhminhdigital.com/phu-kien-may-anh-may-quay/\" target=\"_blank\">Phụ kiện máy ảnh đi kèm</a>:</strong>&nbsp;<em>Pin, Adapter, dây đeo, cáp USB, cataloge, phiếu bảo hành</em></div>\r\n<div><br>\r\n</div>\r\n</div>', 'Indonesia'),
(85, 'Máy Ảnh Fujifilm X-H1 Body ', 46990000, '85.jpg', 1, 5, 0, 0, '2012-03-07', '<div class=\"product-title-recap\">Tính năng nổi bật</div><div>\r\n<p style=\"text-align: left;\"><strong><span style=\"font-size: 18px; font-family: arial;\"><a href=\"https://binhminhdigital.com/fujifilm-xh1-body.html\">Máy Ảnh Fujifilm X-H1</a></span></strong></p>\r\n</div>\r\n<div><strong><br>\r\n</strong></div>\r\n<div>Cảm biến X-Trans CMOS III 24,3 triệu điểm ảnh</div>\r\n<div>ISO 200-12.800 (có thể mở rộng lên ISO 100-51.200)</div>\r\n<div>Trong ổn định hình ảnh cơ thể (IBIS)</div>\r\n<div>Chụp liên tục lên tới 14 khung hình / giây với ổ cắm pin VPB-X-H1</div>\r\n<div>4K / 30p 4: 2: 0 Ghi nội bộ 8-bit (200Mbps, 100Mbps, 50Mbps)</div>\r\n<div>4K / 30p 4: 2: 2 Ghi âm ngoài 8-bit HDMI</div>\r\n<div>3,6 triệu điểm EVF với độ phóng đại 0,75x</div>\r\n<div>Màn hình độ nghiêng 3in, 1.04m-dot</div>\r\n<div>Khe thẻ SD</div>\r\n<div>Kết nối Bluetooth và Wi-fi</div>\r\n<div>139.8x97.3x85.5mm (WxHxD)</div>\r\n<div>673g (chỉ dành cho thiết bị, bao gồm cả pin và thẻ nhớ)</div>', 'Bình chọn'),
(86, 'Máy Ảnh Canon EOS 77D Body', 20390000, '86.jpg', 2, 11, 0, 0, '2014-07-16', '<div class=\"product-title-recap\">Tính năng nổi bật</div><div>\r\n<p style=\"text-align: left;\"><span style=\"font-size: 18px; font-family: arial;\"><strong><a href=\"https://binhminhdigital.com/may-anh-canon-eos-77d.html\">MÁY ẢNH CANON EOS 77D</a></strong></span></p>\r\n</div>\r\n<div>- Cảm biến CMOS APS-C 24.2MP</div>\r\n<div>- Bộ xử lý hình ảnh DIGIC 7</div>\r\n<div>- Màn hình cảm ứng LCD 3inch 1.04m-Dot</div>\r\n<div>- Quay video Full HD 1080p tại 60fps</div>\r\n<div>- Hệ thống lấy nét theo pha 45 điểm Cross-Type</div>\r\n<div>- Dual Pixel CMOS AF</div>\r\n<div>- Tốc độ chụp liên tục 6fps, ISO mở rộng 51200</div>\r\n<div>- Tích hợp kết nối Wifi, NFC, Bluetooth</div>\r\n<div>- Cảm biến RGB+IR 7560 Pixel</div>\r\n<div>- Pin tương thích LP-E17</div>', 'Còn hàng'),
(87, 'Máy Ảnh Sony Alpha A6300 (ILCE-6300) KIT 18-105mm (Đen)', 30090000, '87.jpg', 3, 17, 0, 0, '2016-10-23', '<div class=\"product-title-recap\">Tính năng nổi bật</div><div>-&nbsp;<strong><a href=\"https://binhminhdigital.com/sony-alpha-a6300-ilce6300l-kit-1650-f3556-oss-den.html\" target=\"_blank\" title=\"Máy Ảnh Sony Alpha A6300\">Máy Ảnh Sony Alpha A6300</a></strong><br>\r\n- Cảm biến cải tiến mới APS-C HD CMOS 24.2 MegaPixels<br>\r\n- Màn hình lật 3.0 inch&nbsp;<br>\r\n- Độ nhạy sáng cao ISO 100 - 25600<br>\r\n- Chụp liên tiếp 11ảnh/ giây<br>\r\n- 169 điểm lấy nét tự động theo tương phản + 425 điểm lấy nét theo pha<br>\r\n- Hệ thống đo sáng thông minh DRO<br>\r\n- Quay phim chuẩn 4K<br>\r\n- Tích hợp wifi và NFC</div>\r\n<div>\r\n<div><br>\r\n<div>\r\n</div>\r\n</div>\r\n</div>', 'Còn hàng'),
(88, 'Máy Ảnh Canon EOS M10 Body (Trắng)', 5390000, '88.jpg', 2, 7, 0, 0, '2012-04-10', '<div class=\"product-title-recap\">Tính năng nổi bật</div><div>-&nbsp;<strong><a href=\"https://binhminhdigital.com/canon-m10.html\" target=\"_blank\" title=\"Máy Ảnh Canon EOS M10\">Máy Ảnh Canon EOS M10</a></strong></div>\r\n- Cảm biến: APS-C 18MP<br>\r\n- Chip xử lý: DIGIC 6<br>\r\n- ISO: 100–12800 (mở rộng 25600)<br>\r\n- Hệ thống lấy nét lai Hybrid CMOS AF II 49 điểm<br>\r\n- Quay phim FullHD 1080P<br>\r\n- Màn hình LCD cảm ứng 3\"<br>\r\n- Có đèn Flash cóc<br>\r\n- Kết nối WIFI, NFC<br>\r\n<div>- Pin tương thích LP-E12</div>\r\n<div>- <strong><a href=\"https://binhminhdigital.com/phu-kien-may-anh-may-quay/\" target=\"_blank\">Phụ kiện máy ảnh đi kèm</a></strong> : Pin, sạc pin, dây đeo, cataloge, phiếu bảo hành</div>\r\n<div><br>\r\n</div>', 'Bình chọn'),
(89, 'Máy Ảnh Olympus PEN-F + Kit 17mm f/1.8 (màu bạc)', 33800000, '89.jpg', 3, 14, 0, 0, '2015-08-20', '<div class=\"product-title-recap\">Tính năng nổi bật</div><div>- Cảm biến 20.3MP Live MOS</div>\r\n<div>- Bộ xử lý ảnh: TruePic VII</div>\r\n<div>- Hệ thống Micro Four Thirds</div>\r\n<div>- Kính ngắm điện tử OLED: 2.36m-Dot</div>\r\n<div>- Màn hính cảm ứng LCD: 3.0\" 1.037m-Dot</div>\r\n<div>- Quay video Full HD 1080p 60 fps</div>\r\n<div>- Chụp ảnh liên tục 10 fps</div>\r\n<div>- Quay Timelapse Video độ phân giải lên đến 4K</div>\r\n<div>- Hệ thống ổn định hình ảnh 5 trục</div>\r\n<div>- ISO 200-25600, có thể mở rộng ISO 80-25600</div>\r\n<div>- Chụp ảnh ở độ phân giải cực cao 50mp (High Res mode)</div>\r\n<div>- Tích hợp HDMI, USB 2.0, Wi-Fi</div>\r\n<div>- Thời lượng pin: 330 hình</div>\r\n<div>- Trọng lượng (gồm pin): 427 gram</div>\r\n<div>- Thiết kế hoài cổ, body màu bạc</div>', 'Bình chọn'),
(90, 'MÁY ẢNH FUJIFILM X-T20 KIT XC16-50MM + XF60MM F2.4R', 31490000, '90.jpg', 3, 15, 0, 0, '2016-09-22', '<div class=\"product-title-recap\">Tính năng nổi bật</div><div>Cảm biến APS-C X-Trans CMOS III 24.3MP</div>\r\n<div>Bộ xử lý hình ảnh X-Processor Pro</div>\r\n<div>Màn hình cảm ứng TFT LCD 3\" 1.04 triệu điểm ảnh có thể xoay lật đa chiều</div>\r\n<div>Ống ngắm điện tử OLED với kích thước 0.39\" 2,36MP</div>\r\n<div>Quay video 4K UHD với thời lượng quay lên đến 10 phút</div>\r\n<div>Xuất video qua HDMI và thu âm thanh qua microphone gắn rời</div>\r\n<div>Chế độ chụp nhanh liên tục lên đến 5 fps</div>\r\n<div>Chế độ tùy chỉnh chức năng AF-C với 5 preset AF-C có sẵn</div>\r\n<div>Tốc độ màn trập: 1/4000s cho màn cơ, 1/32000s cho màn điện tử</div>\r\n<div>Chế độ giả lập Film cho cả ảnh chụp và Video</div>\r\n<div>Chế độ giả lập Film ACROS được thêm mới vào</div>\r\n<div>Thẻ nhớ SD, SHHC, SDXC, hỗ trợ chuẩn thẻ UHS-II</div>\r\n<div>Pin NP-W126s như trên X-T2, chụp được 350 tấm</div>\r\n<div>Kích thước: 118 x 83 x 41 mm</div>\r\n<div>Khối lượng (bao gồm pin): 383 g</div>', 'Bình chọn'),
(91, 'Máy Ảnh Chuyên Nghiệp Nikon Df Body', 51900000, '91.jpg', 3, 19, 0, 0, '2017-11-27', '<div class=\"product-title-recap\">Tính năng nổi bật</div><div>- <span style=\"color: #333399;\"><strong><a style=\"color: #333399;\" href=\"https://binhminhdigital.com/nikon-df-body.html\" target=\"_blank\" title=\"Máy Ảnh Nikon Df\">Máy Ảnh Nikon Df</a></strong></span></div>\r\n<div>- Bộ cảm biến CMOS Full frame &nbsp;16.2 megapixel</div>\r\n<div>- Bộ xử lý hình ảnh EXPEED 3</div>\r\n<div>- Cảm biến lấy nét tự động Multi-CAM 4800FX</div>\r\n<div>- Màn hình 3.2inch&nbsp;</div>\r\n<div>- 39 điểm lấy nét tự động</div>\r\n<div>- ISO100 – 12800 &nbsp;(mở rộng 204.800)</div>\r\n<div>- Tốc độ màn chập 1/4000 - 30 giây</div>\r\n<div>- Tốc độ chụp 5.5 ảnh/ giây</div>\r\n<div>- Pin tương thích EN-EL14&nbsp;</div>', 'Bình chọn'),
(92, 'Máy Ảnh Canon EOS 1D X Mark II (Body)', 120000000, '92.jpg', 3, 17, 0, 0, '2016-10-24', '<div class=\"product-title-recap\">Tính năng nổi bật</div><div>-<strong><a href=\"https://binhminhdigital.com/canon-eos1d-x-mark-ii-body.html\" target=\"_blank\">Máy Ảnh Canon EOS-1D X Mark II (Body)</a></strong></div>\r\n<div>-Cảm biến hình ảnh full-frame 20.2MP CMOS&nbsp;</div>\r\n<div>-Bộ xử lý hình ảnh DIGIC kép 6 +</div>\r\n<div>-ISO 100-51.200 với sự mở rộng xuống đến 50 và lên tới 409.600</div>\r\n<div>-Hệ thống lấy nét với 61 điểm lấy nét</div>\r\n<div>-41 điểm lấy nét cross-type.</div>\r\n<div>-Có khả năng quay video 4K 60 fps ở 800 Mbps, quay HD 1080p đầy đủ tại 120 fps, 360 Mbps</div>\r\n<div>-Khả năng chụp liên tục 14 fps&nbsp;</div>\r\n<div>- Thẻ nhớ tương thích : CF / CFast</div>\r\n<div><br>\r\n</div>', 'Nhật Bản'),
(93, 'Máy ảnh Nikon D7200 Body ', 18500000, '93.jpg', 3, 16, 0, 0, '2016-09-22', '<div class=\"product-title-recap\">Tính năng nổi bật</div><div><span style=\"font-size: 18px;\">-&nbsp;<span style=\"font-size: 18px; color: #333399;\"><strong><a href=\"https://binhminhdigital.com/nikon-d7200may-anh-nikon-d7200-body.html\" target=\"_blank\" title=\"Máy ảnh Nikon D7200\" style=\"color: #333399;\">Máy ảnh Nikon D7200</a></strong></span></span></div>\r\n<div>- Bộ cảm biến CMOS &nbsp;24.2 megapixel</div>\r\n<div>- Bộ xử lý hình ảnh EXPEED 4&nbsp;</div>\r\n<div>- Cảm biến lấy nét tự động Multi-CAM 3500 II</div>\r\n<div>- Màn hình 3.2inch (1229K điểm ảnh)</div>\r\n<div>- 51 điểm lấy nét tự động</div>\r\n<div>- ISO100 - 25600</div>\r\n<div>- Tốc độ màn chập 30-1 / 8000giây</div>\r\n<div>- Tốc độ chụp 7 ảnh/ giây</div>\r\n<div>- Quay phim Full HD 1080/60p&nbsp;</div>\r\n<div>- Kết nối&nbsp;<span class=\"Apple-tab-span\" style=\"white-space: pre;\">	</span>Wi-Fi + NFC</div>\r\n<div>- Sử dụng Pin EN-EL15</div>\r\n<p class=\"MsoNormal\"><span lang=\"EN-US\" style=\"font-size: 12pt; line-height: 115%; font-family: &quot;times new roman&quot;, serif; color: red;\"><o:p></o:p></span></p>', 'Thái Lan'),
(94, 'MÁY ẢNH SONY ALPHA A6000 (ILCE-6000) BODY+ SIGMA 30MM F1.4 DC DN FOR SONY E (Xám)', 15750000, '94.jpg', 1, 5, 0, 0, '2011-03-07', '<div class=\"product-title-recap\">Tính năng nổi bật</div><div>- Cảm biến Exmor™ APS HD CMOS 24.3MP có bộ xử lý BIONZ X™</div>\r\n<div>- Độ phân giải 24.3 MP</div>\r\n<div>- Lấy nét tự động Fast Hybrid</div>\r\n<div>- Khung ngắm điện tử 1,0 cm</div>\r\n<div>- Màn hình 3 inch</div>\r\n<div>- ISO 100-25600</div>\r\n<div>- Tốc độ chụp 11 ảnh / giây</div>\r\n<div>- Chia sẻ và kiểm soát đơn giản cùng Wi-Fi® và NFC một chạm</div>', 'Bình chọn'),
(95, 'MÁY ẢNH FUJIFILM INSTAX MINI 9 (XANH DƯƠNG)', 1990000, '95.jpg', 3, 13, 0, 0, '2015-08-19', '<div class=\"product-title-recap\">Tính năng nổi bật</div><div>- Kích thước ảnh in: 62 x 46 mm</div>\r\n<div>- Tiêu cự ống kính: 60 mm</div>\r\n<div>- Khoảng cách lấy nét: từ 60 cm đến vô cực</div>\r\n<div>- Tốc độ màn trập: 1/60 giây</div>\r\n<div>- Pin: 2 x AA 1.5V, thời lượng chụp: ~100 tấm</div>\r\n<div>- Kích thước camera: 116 x 118,3 x 68,2 mm</div>\r\n<div>- Khối lượng máy: 307 gram</div>\r\n<div><br>\r\n</div>', 'Bình chọn'),
(96, 'Máy Ảnh Canon EOS 5DS R (Body)', 58000000, '96.jpg', 2, 8, 0, 0, '2013-05-11', '<div class=\"product-title-recap\">Tính năng nổi bật</div><div>-&nbsp;<strong><a href=\"https://binhminhdigital.com/canon-eos-5ds-r-body.html\" target=\"_blank\" title=\"Máy Ảnh Canon EOS 5DS R\">Máy Ảnh Canon EOS 5DS R</a></strong></div>\r\n<div>- Cảm biến CMOS fullframe 50,6-megapixel.</div>\r\n<div>- 2 chip DIGIC 6</div>\r\n<div>- Cảm biến đo sáng 150.000-pixel RGB + IR, 252 vùng</div>\r\n<div>- Hệ thống kiếm soát độ rung của gương lật</div>\r\n<div>- 61 điểm lấy nét</div>\r\n<div>- Màn hình LCD 3.2inch</div>\r\n<div>- ISO 100 – 3200 &nbsp;(mở rộng 12800)</div>\r\n<div>- Tốc độ màn trập 1/8000 giây đến 30 giây</div>\r\n<div>- Tốc độ chụp liên tục tối đa 5 hình/giây</div>\r\n<div>- Thẻ nhớ tương thích : CF/ SD/ SDHC/SDXC</div>\r\n<div>- Trọng lượng &nbsp;845g</div>\r\n<div><span style=\"font-size: 11pt; line-height: 115%; color: #0070c0;\"></span><span style=\"color: blue;\">*Loại bỏ hiệu ứng của bộ lọc LPF sẽ giúp phát huy tối đa khả năng phân giải ban đầu của cảm biến, đảm bảo mang lại những hình ảnh với chất lượng cao nhất.\r\n</span><br>\r\n</div>', 'Nhật Bản');
INSERT INTO `may_anh` (`ma_may_anh`, `ten_may_anh`, `gia`, `duong_dan`, `ma_ncc`, `so_luong`, `so_luong_ban`, `so_luong_xem`, `ngay_nhap`, `mo_ta`, `xuat_xu`) VALUES
(97, 'Máy Ảnh Olympus PEN E-PL8 Kit 14-42mm f/3.5-5.6 EZ (Trắng)', 14700000, '97.jpg', 3, 19, 0, 0, '2017-11-26', '<div class=\"product-title-recap\">Tính năng nổi bật</div><div><a href=\"https://binhminhdigital.com/olympus-pen-epl8.html\">Máy Ảnh Olympus PEN E-PL8 Kit 14-42mm</a></div>\r\n<div>Loại máy ảnh: không gương lật thay đổi ống kính</div>\r\n<div>Cảm biến: Live MOS (CMOS) 16,1 MP, kích thước 4/3”,</div>\r\n<div>Hệ thống chống rung 3 trục trên cảm biến</div>\r\n<div>Chip xử lý: TruePic VII</div>\r\n<div>Màn hình: 3” , lật 80 độ (lên) và 180 độ (xuống)</div>\r\n<div>Tốc độ màn trập: 1/4.000 giây</div>\r\n<div>Chụp liên tiếp: 3,5 - 8,5 khung hình / giây, tối đa 20 fps (RAW)</div>\r\n<div>ISO: 200 - 1.600, mở rộng 25.600</div>\r\n<div>Lấy nét: tương phản, 81 điểm</div>\r\n<div>Quay phim: Full HD 30 fps (MOV), HD 720p @ 30 fps</div>\r\n<div>Kết nối: Wi-Fi</div>\r\n<div>Giao tiếp: USB 2.0, A/V out, HDMI</div>\r\n<div>Thẻ nhớ: SDHC/SDXC UHS-I</div>\r\n<div>Kích thước: 117,1 x 68,3 x 38,4 mm</div>\r\n<div>Trọng lượng: 326 g (chỉ thân máy)</div>', 'Bình chọn'),
(98, 'Máy ảnh Panasonic Lumix DMC-GF9 kit 12-32mm (Nâu)', 8900000, '98.jpg', 1, 6, 0, 0, '2012-03-08', '<div class=\"product-title-recap\">Tính năng nổi bật</div><div>- Bộ cảm biến 16 MP Live MOS</div>\r\n<div>- Hệ thống Micro Four Thirds&nbsp;</div>\r\n<div>- Màn hình cảm ứng \"Free-Angle\" 3.0 \"1.0\" xoay lật</div>\r\n<div>- Ghi hình Video 4K UHD ở tốc độ 30/24 fps&nbsp;</div>\r\n<div>- Khả năng kết nối Wi-Fi tích hợp&nbsp;</div>\r\n<div>- Lên đến 8 khung hình / giây Chụp với AF và ISO 25600&nbsp;</div>\r\n<div>- Hệ thống DFD AF, chế độ chụp ảnh 4K&nbsp;</div>\r\n<div>- Ống kính Lumix G Vario 12-32mm f/3.5-5.6</div>', 'Bình chọn'),
(99, 'Máy ảnh chống nước Ricoh WG-50', 5690000, '99.jpg', 2, 12, 0, 0, '2014-07-16', '<div class=\"product-title-recap\">Tính năng nổi bật</div><div>- Cảm biến CMOS 16MP 1/2.3&Prime;</div>\r\n\r\n<div>- Ống kính zoom quang học 5x</div>\r\n\r\n<div>- Tiêu cự 28-140mm ( Quy đổi trên định dạng 35mm)</div>\r\n\r\n<div>- Chống nước, va đập, Shock, Lạnh và Bụi</div>\r\n\r\n<div>- Màn hình LCD 2.7&Prime; 230k điểm ảnh</div>\r\n\r\n<div>- Quay phim Full HD 1080 30fps</div>\r\n\r\n<div>- ISO 6400 và khả năng chụp liên tiếp 10 fps</div>\r\n\r\n<div>- Kiểm tra Pixel và chống rung kĩ thuật số</div>\r\n\r\n<div>- Chế độ chụp cận cảnh và tích hợp đèn LED hỗ trợ</div>\r\n', 'Bình chọn'),
(100, 'Máy ảnh Nikon D7200 Body ', 18500000, '100.jpg', 3, 14, 0, 0, '2015-08-19', '<div class=\"product-title-recap\">Tính năng nổi bật</div><div><span style=\"font-size: 18px;\">-&nbsp;<span style=\"font-size: 18px; color: #333399;\"><strong><a href=\"https://binhminhdigital.com/nikon-d7200may-anh-nikon-d7200-body.html\" target=\"_blank\" title=\"Máy ảnh Nikon D7200\" style=\"color: #333399;\">Máy ảnh Nikon D7200</a></strong></span></span></div>\r\n<div>- Bộ cảm biến CMOS &nbsp;24.2 megapixel</div>\r\n<div>- Bộ xử lý hình ảnh EXPEED 4&nbsp;</div>\r\n<div>- Cảm biến lấy nét tự động Multi-CAM 3500 II</div>\r\n<div>- Màn hình 3.2inch (1229K điểm ảnh)</div>\r\n<div>- 51 điểm lấy nét tự động</div>\r\n<div>- ISO100 - 25600</div>\r\n<div>- Tốc độ màn chập 30-1 / 8000giây</div>\r\n<div>- Tốc độ chụp 7 ảnh/ giây</div>\r\n<div>- Quay phim Full HD 1080/60p&nbsp;</div>\r\n<div>- Kết nối&nbsp;<span class=\"Apple-tab-span\" style=\"white-space: pre;\">	</span>Wi-Fi + NFC</div>\r\n<div>- Sử dụng Pin EN-EL15</div>\r\n<p class=\"MsoNormal\"><span lang=\"EN-US\" style=\"font-size: 12pt; line-height: 115%; font-family: &quot;times new roman&quot;, serif; color: red;\"><o:p></o:p></span></p>', 'Thái Lan'),
(101, 'Máy ảnh Canon EOS 77D kit 18-135 IS USM', 27500000, '101.jpg', 1, 3, 0, 0, '2011-02-05', '<div class=\"product-title-recap\">Tính năng nổi bật</div><div>- Cảm biến CMOS APS-C 24.2MP</div>\r\n<div>- Bộ xử lý hình ảnh DIGIC 7</div>\r\n<div>- Màn hình cảm ứng LCD 3inch 1.04m-Dot</div>\r\n<div>- Quay video Full HD 1080p tại 60fps</div>\r\n<div>- Hệ thống lấy nét theo pha 45 điểm Cross-Type</div>\r\n<div>- Dual Pixel CMOS AF</div>\r\n<div>- Tốc độ chụp liên tục 6fps, ISO mở rộng 51200</div>\r\n<div>- Tích hợp kết nối Wifi, NFC, Bluetooth</div>\r\n<div>- Cảm biến RGB+IR 7560 Pixel</div>\r\n<div>- Pin tương thích LP-E17</div>', 'Còn hàng'),
(102, 'Máy Ảnh Fujifilm X-A3 Kit XF 27mm F2.8 (Bạc)', 13900000, '102.jpg', 2, 9, 0, 0, '2013-06-13', '<div class=\"product-title-recap\">Tính năng nổi bật</div><div>- <strong>Máy Ảnh Fujifilm X-A3 Kit XF 27mm F2.8 (Bạc)</strong></div>\r\n<div>- Cảm biến CMOS kích thước APS-C</div>\r\n<div>- Độ phân giải 24.2MP</div>\r\n<div>- Chip xử lý ảnh EXR Processor II</div>\r\n<div>- Hệ thống lấy nét 77 điểm toàn khung và 49 điểm đơn</div>\r\n<div>- ISO200 – ISO25600</div>\r\n<div>- Hỗ trợ xử lý ảnh RAW ngay trong thân máy</div>\r\n<div>- Thêm 2 filter màu phim “PRO Neg.Hi” and “PRO Neg.Std.”</div>\r\n<div>- Thêm chế độ Panorama và Time Lapse</div>\r\n<div>- Kết nối: WIfi, Micro USB (2.0)</div>\r\n<div>- Kích thước: 117 x 67 x 40 mm</div>\r\n<div>- Trọng lượng 339g</div>\r\n<div><br>\r\n</div>', 'Còn hàng'),
(103, 'MÁY ẢNH CANON EOS 200D kit 18-55 IS STM (đen)', 14250000, '103.jpg', 1, 4, 0, 0, '2011-02-05', '<div class=\"product-title-recap\">Tính năng nổi bật</div><div>- Cảm biến: CMOS 24.2 MP, APS-C, công nghệ lấy nét Dual Pixel AF</div>\r\n<div>- Bộ xử lý hình ảnh: DIGIC 7</div>\r\n<div>- Màn hình: 3\" cảm ứng, Clear View LCD II, 1.040.000 điểm ảnh, xoay và lật đa chiều</div>\r\n<div>- ISO: 100 - 25.600, mở rộng 51.200</div>\r\n<div>- Tốc độ màn trập: 1/4.000 giây</div>\r\n<div>- Chụp liên tiếp: 5 fps</div>\r\n<div>- Quay phim: Full HD 1.920 x 1080 pixel @ 60 fps</div>\r\n<div>- Kính ngắm quang học: độ phủ 95%</div>\r\n<div>- Đo sáng: 63-zone sensor</div>\r\n<div>- Điểm lấy nét: 9 điểm, gồm 1 điểm cross-type</div>\r\n<div>- Kết nối: Wi-Fi, NFC, Bluetooth 4 LE</div>\r\n<div>- Giao tiếp: USB 2.0, HDMI mini, microphone</div>\r\n<div>- Thẻ nhớ: SD</div>\r\n<div>- Kích thước: 122.4 x 92.6 x 69.8mm</div>\r\n<div>- Khối lượng: 406 g (thân máy) - 453 g (+ pin và thẻ nhớ)</div>', 'Đài Loan'),
(104, 'Máy ảnh Olympus PEN-F + Kit 17mm f/1.8 (màu đen)', 33800000, '104.jpg', 2, 7, 0, 0, '2012-04-10', '<div class=\"product-title-recap\">Tính năng nổi bật</div><div>- Cảm biến 20.3MP Live MOS</div>\r\n<div>- Bộ xử lý ảnh: TruePic VII</div>\r\n<div>- Hệ thống Micro Four Thirds</div>\r\n<div>- Kính ngắm điện tử OLED: 2.36m-Dot</div>\r\n<div>- Màn hính cảm ứng LCD: 3.0\" 1.037m-Dot</div>\r\n<div>- Quay video Full HD 1080p 60 fps</div>\r\n<div>- Chụp ảnh liên tục 10 fps</div>\r\n<div>- Quay Timelapse Video độ phân giải lên đến 4K</div>\r\n<div>- Hệ thống ổn định hình ảnh 5 trục</div>\r\n<div>- ISO 200-25600, có thể mở rộng ISO 80-25600</div>\r\n<div>- Chụp ảnh ở độ phân giải cực cao 50mp (High Res mode)</div>\r\n<div>- Tích hợp HDMI, USB 2.0, Wi-Fi</div>\r\n<div>- Thời lượng pin: 330 hình</div>\r\n<div>- Trọng lượng (gồm pin): 427 gram</div>\r\n<div>- Thiết kế hoài cổ, body màu bạc</div>', 'Bình chọn'),
(105, 'Máy Ảnh Canon EOS 5D Mark IV (Body) - hàng nhập khẩu', 62900000, '105.jpg', 2, 13, 0, 0, '2015-08-18', '<div class=\"product-title-recap\">Tính năng nổi bật</div><div>-&nbsp;<strong><a title=\"Máy ảnh Canon EOS 5D Mark IV\" target=\"_blank\" href=\"https://binhminhdigital.com/canon-eos-5d-mark-iv-body.html\">Máy ảnh Canon EOS 5D Mark IV</a></strong></div>\r\n- Cảm biến: 30MP Full-Frame (30.4 triệu điểm ảnh hữu dụng)<br>\r\n- Chip xử lý hình ảnh: DIGIC 6+<br>\r\n- Số điểm nét AF: 61 điểm với điểm lấy nét 41 cross-points<br>\r\n- Dual Pixel RAW<br>\r\n- Loại kính ngắm: Khung ngắm công nghệ gương phản chiếu 5 mặt (pentaprism)<br>\r\n- Màn hình LCD chính: Màn hình tinh thể lỏng màu TFT 3.2 inches, Cảm ứng hoàn toàn,<br>\r\n- Khả năng quay video: 4K<br>\r\n- Chế độ đo sáng: Hệ thống bộ cảm biến đo sáng RGB+IR xấp xỉ 150.000 pixel<br>\r\n- Chế độ khử flicker<br>\r\n- Tích hợp: kết nối Wi-Fi và NFC<br>\r\n- Thẻ nhớ: SD/ SDHC/ SDXC, CompactFlash Type II<br>\r\n- Tuổi thọ pin (theo CIPA): 900 tấm khi sạc đầy<br>\r\n- Cổng kết nối: USB 3.0, HDMI<br>\r\n- Kích thước: 150.7 x 116.4 x 75.9mm<br>\r\n- Khối lượng: 890g', 'Nhật bản'),
(106, 'Máy Ảnh Canon EOS 5DS Body + EF 24-105 F4L IS USM', 67500000, '106.jpg', 3, 18, 0, 0, '2017-11-25', '<div class=\"product-title-recap\">Tính năng nổi bật</div><div>- Cảm biến CMOS Full-Frame 50.6MP</div>\r\n<div>- Chíp xử lý hình ảnh Dual DIGIC 6&nbsp;</div>\r\n<div>- Màn hình LCD Clearview II 3.2\" 1,040,000 điểm ảnh</div>\r\n<div>- Quay phim Full HD 1080p 30 fps</div>\r\n<div>- Chụp liên tục 5 hình/giây</div>\r\n<div>- Lấy nét tự động 61 điểm</div>\r\n<div>- ISO 100-6400</div>\r\n<div>- Hỗ trợ thẻ Compact Flash và SD&nbsp;</div>\r\n<div>- Trọng lượng 845 g</div>\r\n<div>- Kích thước 15.2 x 11.7 x 7.6 cm</div>', 'Bình chọn'),
(107, 'Máy ảnh Fujifilm instax mini 9 (Xanh)', 1990000, '107.jpg', 3, 15, 0, 0, '2016-09-22', '<div class=\"product-title-recap\">Tính năng nổi bật</div><div>- Kích thước ảnh in: 62 x 46 mm</div>\r\n<div>- Tiêu cự ống kính: 60 mm</div>\r\n<div>- Khoảng cách lấy nét: từ 60 cm đến vô cực</div>\r\n<div>- Tốc độ màn trập: 1/60 giây</div>\r\n<div>- Pin: 2 x AA 1.5V, thời lượng chụp: ~100 tấm</div>\r\n<div>- Kích thước camera: 116 x 118,3 x 68,2 mm</div>\r\n<div>- Khối lượng máy: 307 gram</div>\r\n<div><br>\r\n</div>', 'Bình chọn'),
(108, 'Máy ảnh Panasonic Lumix GH5', 42900000, '108.jpg', 2, 10, 0, 0, '2013-06-14', '<div class=\"product-title-recap\">Tính năng nổi bật</div><div><span style=\"font-size: 14.6667px; line-height: 20.5333px; font-family: helvetica,arial,sans-serif; color: #141414;\">Cảm biến&nbsp;</span><span style=\"font-size: 14.6667px; line-height: 20.5333px; font-family: helvetica,arial,sans-serif; color: #141414;\">20.3MP<br>\r\n</span><span style=\"font-size: 14.6667px; line-height: 20.5333px; font-family: helvetica,arial,sans-serif; color: #141414;\">Quay phim 4k ở 60 khung hình/giây (fps)</span></div>\r\n<div><span style=\"font-size: 14.6667px; line-height: 20.5333px; font-family: helvetica,arial,sans-serif; color: #141414;\">Ống ngắm điện tử OLED &nbsp;có độ phân giải 3680k</span></div>\r\n<div>\r\n<div><span style=\"font-size: 14.6667px; line-height: 20.5333px; font-family: helvetica,arial,sans-serif; color: #141414;\">Kết nối Wi-fi<br>\r\nMàn hình LCD 3 inch cảm ứng<br>\r\nHệ thống lấy nét 225 điểm tương phản<br>\r\nISO 100 - 25600<br>\r\nTốc độ chụp liên tục 12 khung hình/giây<br>\r\n</span></div>\r\n</div>', 'Bình chọn'),
(109, 'Máy Ảnh Sony Alpha A6000 (ILCE-6000) body + SEL50 F1.8 OSS (Xám)', 15090000, '109.jpg', 3, 17, 0, 0, '2016-10-24', '<div class=\"product-title-recap\">Tính năng nổi bật</div><div>- Cảm biến Exmor™ APS HD CMOS 24.3MP có bộ xử lý BIONZ X™</div>\r\n<div>- Độ phân giải 24.3 MP</div>\r\n<div>- Lấy nét tự động Fast Hybrid</div>\r\n<div>- Khung ngắm điện tử 1,0 cm</div>\r\n<div>- Màn hình 3 inch</div>\r\n<div>- ISO 100-25600</div>\r\n<div>- Tốc độ chụp 11 ảnh / giây</div>\r\n<div>- Chia sẻ và kiểm soát đơn giản cùng Wi-Fi® và NFC một chạm</div>\r\n<div>-&nbsp;Kích thước bộ lọc ø49mm</div>\r\n<div>- Pin tương thích : NP-FW50</div>', 'Còn hàng'),
(110, 'Máy ảnh Fujifilm X-E3 + Kit 18-55mm (Bạc)', 27390000, '110.jpg', 3, 14, 0, 0, '2015-08-20', '<div class=\"product-title-recap\">Tính năng nổi bật</div><div>- Cảm biến 24.3MP APS-C X-Trans CMOS III</div>\r\n<div>- Bộ xử lý hình ảnh X-Processor Pro</div>\r\n<div>- Màn hình cảm ứng TFT LCD 3\" 1.04 triệu điểm ảnh</div>\r\n<div>- Ống ngắm điện tử OLED kích thước 0.77\" 2,36MP</div>\r\n<div>- ISO 51200, tốc độ chụp 8fps</div>\r\n<div>- Khả năng quay video 4K UHD</div>\r\n<div>- Khả năng kết nối wifi</div>\r\n<div>- Hệ thống lấy nét AF 325 điểm</div>\r\n<div>- Body kháng nước, bụi bẩn</div>\r\n<div>- Tương thích thẻ nhớ SD, SHHC, SDXC, UHS-II</div>\r\n<div>- Ống kính OIS LMF 18-55mm f / 2.8-4 R</div>\r\n<div><br>\r\n</div>\r\n<div>\r\n<div><br>\r\n</div>\r\n<div>\r\n<div>\r\n<div><br>\r\n</div>\r\n</div>\r\n</div>\r\n</div>', 'Còn hàng'),
(111, 'MÁY ẢNH FUJIFILM X-T2 BODY + XF23MM F2R (đen)', 44999000, '111.jpg', 3, 19, 0, 0, '2017-11-27', '<div class=\"product-title-recap\">Tính năng nổi bật</div><div>- Ngàm: X-mount ,Cảm biến: 24.3MP CMOS&nbsp;</div>\r\n<div>- Chip xử lý ảnh: X Processor Pro&nbsp; ,ISO: 200-12800</div>\r\n<div>- Quay video 4K@30fps và FullHD@60fps&nbsp;</div>\r\n<div>- Tốc độ màn trập : cơ học 1/8000s , điện tử đạt 1/32000s&nbsp;</div>\r\n<div>- Hệ thống lấy nét: 325 điểm ,49 điểm lấy nét theo pha.</div>\r\n<div>- Màn hình LCD 3\", có thể xoay lật 3 chiều (xoay ngang)&nbsp;</div>\r\n<div>- Lưu trữ: hỗ trợ thẻ UHS-II với 2 khe thẻ nhớ SD&nbsp;</div>\r\n<div>- Kết nối: Wifi, USB 3.0, Micro HDMI&nbsp;</div>\r\n<div>- Có jack cắm 2.5 và jack 3.5 cho Micro&nbsp;</div>\r\n<div>- Pin NP-W126s (350 tấm) , Kích thước: 133 x 92 x 49mm</div>', 'Bình chọn'),
(112, 'Máy Ảnh Sony Alpha A6000 (ILCE-6000) Body (Bạc)', 9990000, '112.jpg', 1, 1, 0, 0, '2010-01-02', '<div class=\"product-title-recap\">Tính năng nổi bật</div><div>-&nbsp;<strong><a href=\"https://binhminhdigital.com/sony-alpha-a6000-1650-oss-f3556-lens-kit-den.html\" target=\"_blank\" title=\"Máy Ảnh Sony Alpha A6000\">Máy Ảnh Sony Alpha A6000</a></strong></div>\r\n- Cảm biến Exmor™ APS HD CMOS 24.3MP có bộ xử lý BIONZ X™<br>\r\n- Độ phân giải 24.3 MP<br>\r\n- Lấy nét tự động Fast Hybrid<br>\r\n- Khung ngắm điện tử 1,0 cm<br>\r\n- Màn hình 3 inch<br>\r\n- ISO 100-25600<br>\r\n- Tốc độ chụp 11 ảnh / giây<br>\r\n- Chia sẻ và kiểm soát đơn giản cùng Wi-Fi® và NFC một chạm\r\n<div><br>\r\n</div>', 'Thái Lan'),
(113, 'Máy Ảnh Nikon D610 Body + Ống kính AF-S 24-120 F4 G ED VR (Hàng nhập khẩu)', 38000000, '113.jpg', 3, 15, 0, 0, '2016-09-21', '<div class=\"product-title-recap\">Tính năng nổi bật</div><div>- Bộ cảm biến CMOS Full frame&nbsp; 24.3 megapixel</div>\r\n<div>- Bộ xử lý hình ảnh EXPEED 3&nbsp;</div>\r\n<div>- Cảm biến lấy nét tự động Multi-CAM 4800</div>\r\n<div>- Màn hình 3.2inch (921K điểm ảnh)</div>\r\n<div>- 39 điểm lấy nét tự động</div>\r\n<div>- ISO100 – 6400&nbsp; (mở rộng 25600)</div>\r\n<div>- Tốc độ màn chập 1/4000 - 30 giây</div>\r\n<div>- Tốc độ chụp 6 ảnh/ giây</div>\r\n<div>- 2 khe thẻ nhớ</div>\r\n<div>- Quay phim Full HD 1080/30p&nbsp;</div>\r\n<div>- Sử dụng Pin EN-EL15</div>', 'Còn hàng'),
(114, 'Máy ảnh Nikon D7200 Body + Sigma 17-50 F2.8 (Hàng nhập khẩu)', 23590000, '114.jpg', 2, 11, 0, 0, '2014-06-15', '<div class=\"product-title-recap\">Tính năng nổi bật</div><div>- Bộ cảm biến CMOS &nbsp;24.2 megapixel</div>\r\n<div>- Bộ xử lý hình ảnh EXPEED 4&nbsp;</div>\r\n<div>- Cảm biến lấy nét tự động Multi-CAM 3500 II</div>\r\n<div>- Màn hình 3.2inch (1229K điểm ảnh)</div>\r\n<div>- 51 điểm lấy nét tự động</div>\r\n<div>- ISO100 - 25600</div>\r\n<div>- Tốc độ màn chập 30-1 / 8000giây</div>\r\n<div>- Tốc độ chụp 7 ảnh/ giây</div>\r\n<div>- Quay phim Full HD 1080/60p&nbsp;</div>\r\n<div>- Kết nối <span style=\"white-space: pre;\">	</span>Wi-Fi + NFC</div>\r\n<div>- Sử dụng Pin EN-EL15</div>\r\n<div>- Kích thước bộ lọc ø77mm</div>', 'Bình chọn'),
(115, 'Máy Ảnh Canon EOS 800D Body + Sigma 17-50 (hàng nhập khẩu)', 22390000, '115.jpg', 2, 11, 0, 0, '2014-06-15', '<div class=\"product-title-recap\">Tính năng nổi bật</div><div>- Cảm biến: CMOS APS-C 24MP</div>\r\n<div>- Chip xử lý: DIGIC 7</div>\r\n<div>- Lấy nét AF: 45 điểm cross-type</div>\r\n<div>- Công nghệ lấy nét Dual Pixel</div>\r\n<div>- Tốc độ chụp liên tục: 6 ảnh/giây</div>\r\n<div>- Tốc độ màn trập: 30s-1/4000s</div>\r\n<div>- Ống ngắm quan học OVF bao phủ 95%, phóng đại 0.82X</div>\r\n<div>- Màn hình LCD cảm ứng xoay lật đa chiều 3 inch</div>\r\n<div>- Quay phim: Full HD 60p (tính năng HDR)</div>\r\n<div>- Thẻ nhớ: SD/SDHC/SDXC (chuẩn UHS-I)</div>\r\n<div>- Pin tương thích LP-E17 (600 tấm)</div>\r\n<div>- Kết nối: Wi-fi, NFC, mini HDMI, USB</div>\r\n<div>- Kích thước bộ lọc ø77mm</div>', 'Còn hàng'),
(116, 'MÁY ẢNH CANON EOS 5D MARK IV kit EF 24-105 F4L IS II USM', 95300000, '116.jpg', 1, 2, 0, 0, '2010-02-03', '<div class=\"product-title-recap\">Tính năng nổi bật</div><div>- Cảm biến: 30MP Full-Frame (30.4 triệu điểm ảnh hữu dụng)</div>\r\n<div>- Chip xử lý hình ảnh: DIGIC 6+</div>\r\n<div>- Số điểm nét AF: 61 điểm với điểm lấy nét 41 cross-points</div>\r\n<div>- Dual Pixel RAW</div>\r\n<div>- Loại kính ngắm: Khung ngắm công nghệ gương phản chiếu 5 mặt (pentaprism)</div>\r\n<div>- Màn hình LCD chính: Màn hình tinh thể lỏng màu TFT 3.2 inches, Cảm ứng hoàn toàn,</div>\r\n<div>- Khả năng quay video: 4K</div>\r\n<div>- Chế độ đo sáng: Hệ thống bộ cảm biến đo sáng RGB+IR xấp xỉ 150.000 pixel</div>\r\n<div>- Chế độ khử flicker</div>\r\n<div>- Tích hợp: kết nối Wi-Fi và NFC</div>\r\n<div>- Thẻ nhớ: SD/ SDHC/ SDXC, CompactFlash Type II</div>\r\n<div>- Tuổi thọ pin (theo CIPA): 900 tấm khi sạc đầy</div>\r\n<div>- Cổng kết nối: USB 3.0, HDMI</div>\r\n<div>- Kích thước: 150.7 x 116.4 x 75.9mm</div>\r\n<div>- Khối lượng: 890g</div>', 'Còn hàng'),
(117, 'Máy Ảnh Canon EOS 800D Body', 15790000, '117.jpg', 1, 5, 0, 0, '2011-03-06', '<div class=\"product-title-recap\">Tính năng nổi bật</div><div><br>\r\n</div>\r\n<div><strong style=\"text-align: -webkit-center;\"><a href=\"https://binhminhdigital.com/canon-eos-800d.html\">MÁY ẢNH CANON EOS 800D</a><br>\r\n</strong></div>\r\n<div><br>\r\n</div>\r\n<div>- Cảm biến: CMOS APS-C 24MP</div>\r\n<div>- Chip xử lý: DIGIC 7</div>\r\n<div>- Lấy nét AF: 45 điểm cross-type</div>\r\n<div>- Công nghệ lấy nét Dual Pixel</div>\r\n<div>- Tốc độ chụp liên tục: 6 ảnh/giây</div>\r\n<div>- Tốc độ màn trập: 30s-1/4000s</div>\r\n<div>- Ống ngắm quan học OVF bao phủ 95%, phóng đại 0.82X</div>\r\n<div>- Màn hình LCD cảm ứng xoay lật đa chiều 3 inch</div>\r\n<div>- Quay phim: Full HD 60p (tính năng HDR)</div>\r\n<div>- Thẻ nhớ: SD/SDHC/SDXC (chuẩn UHS-I)</div>\r\n<div>- Pin: LP-E17 (600 tấm)</div>\r\n<div>- Kết nối: Wi-fi, NFC, mini HDMI, USB</div>', 'Còn hàng'),
(118, 'MÁY ẢNH NIKON D5600 BODY', 14390000, '118.jpg', 2, 7, 0, 0, '2012-04-10', '<div class=\"product-title-recap\">Tính năng nổi bật</div><div>\r\n<div style=\"text-align: left;\"><span style=\"font-size: 14px; font-family: arial;\"><strong><span style=\"font-size: 18px;\"><a href=\"https://binhminhdigital.com/nikon-d5600-body.html\">MÁY ẢNH NIKON D5600 BODY</a></span></strong></span><br>\r\n</div>\r\n<div><span style=\"font-size: 14px; font-family: arial;\"><strong><br>\r\n</strong></span></div>\r\n<span style=\"text-align: justify; font-size: 14px; font-family: arial;\"></span></div>\r\n<div>- Cảm biến: CMOS APS-C 25 MP, hiệu dụng : 24 MP</div>\r\n<div>- Chip xử lý ảnh: Nikon EXPEED 4</div>\r\n<div>- ISO: Auto, 100 - 25.600</div>\r\n<div>- Tốc độ màn trập: 1/4000 - 30 giây</div>\r\n<div>- Hệ thống lấy nét: AF 39 điểm, có tracking hỗ trợ quay phim</div>\r\n<div>- Viewfinder: quang học, độ bao phủ 95%, độ phóng đại 0,82x</div>\r\n<div>- Màn hình: LCD TFT cảm ứng 3.2-inch, 1.037.000 pixel</div>\r\n<div>- Quay phim: 1080p@60fps, 720p@60fps, quay Timelapse</div>\r\n<div>- Kết nối: USB 2.0, Bluetooth 4.1 LE, Wi-Fi 801.11b/g/n, mini-HDMI</div>\r\n<div>- Cân nặng: 465g kèm pin</div>\r\n<div>- Kích thước: 124 x 97 x 70 mm</div>', 'Còn hàng'),
(119, 'Máy Ảnh Olympus PEN E-PL8 Kit 14-42mm f/3.5-5.6 EZ (Bạc)', 14090000, '119.jpg', 1, 5, 0, 0, '2011-03-07', '<div class=\"product-title-recap\">Tính năng nổi bật</div><div>Loại máy ảnh: không gương lật thay đổi ống kính</div>\r\n<div>Cảm biến: Live MOS (CMOS) 16,1 MP, kích thước 4/3”,</div>\r\n<div>Hệ thống chống rung 3 trục trên cảm biến</div>\r\n<div>Chip xử lý: TruePic VII</div>\r\n<div>Màn hình: 3” , lật 80 độ (lên) và 180 độ (xuống)</div>\r\n<div>Tốc độ màn trập: 1/4.000 giây</div>\r\n<div>Chụp liên tiếp: 3,5 - 8,5 khung hình / giây, tối đa 20 fps (RAW)</div>\r\n<div>ISO: 200 - 1.600, mở rộng 25.600</div>\r\n<div>Lấy nét: tương phản, 81 điểm</div>\r\n<div>Quay phim: Full HD 30 fps (MOV), HD 720p @ 30 fps</div>\r\n<div>Kết nối: Wi-Fi</div>\r\n<div>Giao tiếp: USB 2.0, A/V out, HDMI</div>\r\n<div>Thẻ nhớ: SDHC/SDXC UHS-I</div>\r\n<div>Kích thước: 117,1 x 68,3 x 38,4 mm</div>\r\n<div>Trọng lượng: 326 g (chỉ thân máy)</div>', 'Còn hàng'),
(120, 'Máy Ảnh Pentax K-1 Body', 36900000, '120.jpg', 3, 18, 0, 0, '2017-11-25', '<div class=\"product-title-recap\">Tính năng nổi bật</div>Thiết kế hợp kim magie chống chịu thời tiết khắc nghiệt<br>\r\nKích thước 136,5 x 110 x 85,5mm<br>\r\nTrọng lượng 924g<br>\r\nCảm biến Full -frame CMOS 36MP<br>\r\nBộ xử lý ảnh PRIME IV<br>\r\nTùy chọn bộ lọc AA Filter <br>\r\nMàn hình LCD 3,2 inch 1.040.000 điểm ảnh<br>\r\nLCD xoay lật đa chiều có khớp nối chịu lực 20kg<br>\r\n33 điểm lấy nét SAFOX (25 điểm cross-type)<br>\r\nChống rung 5 trục<br>\r\nHệ thống đo sáng TTL với 86000 pixel RGB<br>\r\nISO 100 - 204800<br>\r\nCông nghệ Pixel-shifting ghép 4 ảnh làm 1 <br>\r\nChụp liên tục 4.4 ảnh/giây<br>\r\nTốc độ màn trập 1/8000s<br>\r\nOVF bao phủ 100% khung hình phóng đại 0,7x<br>\r\nQuay video Full HD<br>\r\nKết nối Wifi, mini HDMI, USB 3.0, microphone<br>\r\n2 khe thẻ nhớ <br>\r\n<br>\r\n<br>\r\n&nbsp;', 'Bình chọn'),
(121, 'Máy Ảnh Olympus PEN-F + Kit 17mm f/1.8 (màu bạc)', 33800000, '121.jpg', 1, 6, 0, 0, '2012-04-08', '<div class=\"product-title-recap\">Tính năng nổi bật</div><div>- Cảm biến 20.3MP Live MOS</div>\r\n<div>- Bộ xử lý ảnh: TruePic VII</div>\r\n<div>- Hệ thống Micro Four Thirds</div>\r\n<div>- Kính ngắm điện tử OLED: 2.36m-Dot</div>\r\n<div>- Màn hính cảm ứng LCD: 3.0\" 1.037m-Dot</div>\r\n<div>- Quay video Full HD 1080p 60 fps</div>\r\n<div>- Chụp ảnh liên tục 10 fps</div>\r\n<div>- Quay Timelapse Video độ phân giải lên đến 4K</div>\r\n<div>- Hệ thống ổn định hình ảnh 5 trục</div>\r\n<div>- ISO 200-25600, có thể mở rộng ISO 80-25600</div>\r\n<div>- Chụp ảnh ở độ phân giải cực cao 50mp (High Res mode)</div>\r\n<div>- Tích hợp HDMI, USB 2.0, Wi-Fi</div>\r\n<div>- Thời lượng pin: 330 hình</div>\r\n<div>- Trọng lượng (gồm pin): 427 gram</div>\r\n<div>- Thiết kế hoài cổ, body màu bạc</div>', 'Bình chọn');

-- --------------------------------------------------------

--
-- Table structure for table `nha_cung_cap`
--

DROP TABLE IF EXISTS `nha_cung_cap`;
CREATE TABLE IF NOT EXISTS `nha_cung_cap` (
  `ma_ncc` int(10) NOT NULL,
  `ten_ncc` varchar(255) COLLATE utf8_unicode_ci NOT NULL,
  `dia_chi` varchar(255) COLLATE utf8_unicode_ci DEFAULT NULL,
  `sdt` varchar(255) COLLATE utf8_unicode_ci DEFAULT NULL,
  PRIMARY KEY (`ma_ncc`)
) ENGINE=InnoDB DEFAULT CHARSET=utf8 COLLATE=utf8_unicode_ci;

--
-- Dumping data for table `nha_cung_cap`
--

INSERT INTO `nha_cung_cap` (`ma_ncc`, `ten_ncc`, `dia_chi`, `sdt`) VALUES
(1, 'Bình Minh Digital', '110 Điện Biên Phủ, Phường Đa Kao, Quận 1, TP.Hồ Chí Minh', '0902797066'),
(2, 'Nguyễn Kim', 'https://www.nguyenkim.com/may-anh-ky-thuat-so/', '19006612'),
(3, 'Vũ Nhật Camera', '20B Tràng Thi, Hoàn Kiếm, Hà Nội.', '+84 24 3826 5161'),
(4, 'Giang Duy Đạt Photo Camera', '50/2 Trương Hán Siêu, Quận 1, Tp HCM', '0904551862');

--
-- Constraints for dumped tables
--

--
-- Constraints for table `ct_don_dat_hang`
--
ALTER TABLE `ct_don_dat_hang`
  ADD CONSTRAINT `ct_don_dat_hang_ibfk_1` FOREIGN KEY (`ma_ddh`) REFERENCES `don_dat_hang` (`ma_ddh`),
  ADD CONSTRAINT `ct_don_dat_hang_ibfk_2` FOREIGN KEY (`ma_may_anh`) REFERENCES `may_anh` (`ma_may_anh`);

--
-- Constraints for table `ct_hoa_don`
--
ALTER TABLE `ct_hoa_don`
  ADD CONSTRAINT `ct_hoa_don_ibfk_1` FOREIGN KEY (`ma_hd`) REFERENCES `hoa_don` (`ma_hd`),
  ADD CONSTRAINT `ct_hoa_don_ibfk_2` FOREIGN KEY (`ma_may_anh`) REFERENCES `may_anh` (`ma_may_anh`);

--
-- Constraints for table `cung_ung`
--
ALTER TABLE `cung_ung`
  ADD CONSTRAINT `cung_ung_ibfk_1` FOREIGN KEY (`ma_ncc`) REFERENCES `nha_cung_cap` (`ma_ncc`),
  ADD CONSTRAINT `cung_ung_ibfk_2` FOREIGN KEY (`ma_may_anh`) REFERENCES `may_anh` (`ma_may_anh`);

--
-- Constraints for table `don_dat_hang`
--
ALTER TABLE `don_dat_hang`
  ADD CONSTRAINT `don_dat_hang_ibfk_1` FOREIGN KEY (`ma_ncc`) REFERENCES `nha_cung_cap` (`ma_ncc`),
  ADD CONSTRAINT `don_dat_hang_ibfk_2` FOREIGN KEY (`ma_kh`) REFERENCES `khach_hang` (`ma_kh`);

--
-- Constraints for table `hoa_don`
--
ALTER TABLE `hoa_don`
  ADD CONSTRAINT `hoa_don_ibfk_1` FOREIGN KEY (`ma_kh`) REFERENCES `khach_hang` (`ma_kh`);

--
-- Constraints for table `loai_may_anh`
--
ALTER TABLE `loai_may_anh`
  ADD CONSTRAINT `loai_may_anh_ibfk_2` FOREIGN KEY (`ma_may_anh`) REFERENCES `may_anh` (`ma_may_anh`),
  ADD CONSTRAINT `loai_may_anh_ibfk_3` FOREIGN KEY (`ma_loai`) REFERENCES `loai` (`ma_loai`);

--
-- Constraints for table `may_anh`
--
ALTER TABLE `may_anh`
  ADD CONSTRAINT `may_anh_ibfk_1` FOREIGN KEY (`ma_ncc`) REFERENCES `nha_cung_cap` (`ma_ncc`);
COMMIT;

/*!40101 SET CHARACTER_SET_CLIENT=@OLD_CHARACTER_SET_CLIENT */;
/*!40101 SET CHARACTER_SET_RESULTS=@OLD_CHARACTER_SET_RESULTS */;
/*!40101 SET COLLATION_CONNECTION=@OLD_COLLATION_CONNECTION */;
